frame,track_id,x1,y1,x2,y2,confidence,class
1,1,152.31,111.60,172.00,143.11,0.8433,0
1,2,180.73,218.85,205.11,250.19,0.8410,0
1,3,125.29,392.53,158.51,420.34,0.8226,0
1,4,451.12,302.77,479.25,339.62,0.8197,2
1,5,453.80,520.99,488.53,554.94,0.8038,2
1,6,121.30,579.85,145.87,602.91,0.7824,0
1,7,201.29,550.20,239.53,587.23,0.7797,2
1,8,106.63,545.69,130.72,564.04,0.7738,0
1,9,390.10,1049.21,418.07,1079.78,0.7690,2
1,10,443.83,944.50,473.19,975.49,0.7637,0
1,11,364.92,225.03,393.33,253.61,0.7596,0
1,12,239.13,560.32,263.89,587.45,0.7593,0
1,13,434.75,912.83,459.96,939.05,0.7571,0
1,14,209.30,209.86,229.59,233.31,0.7491,0
1,15,498.56,275.90,534.99,311.39,0.7284,2
1,16,497.50,521.96,516.13,547.37,0.6963,0
1,17,547.97,38.71,571.98,64.13,0.6900,2
1,18,503.54,85.53,524.91,111.65,0.6853,0
1,19,64.88,867.37,98.96,897.08,0.6244,0
1,20,406.69,716.65,431.96,742.64,0.6184,0
1,21,474.32,1247.21,513.55,1279.96,0.6033,0
1,22,496.69,729.47,531.76,756.81,0.6031,2
1,23,477.95,290.55,502.03,321.01,0.6010,0
1,24,527.59,79.73,553.16,101.31,0.5837,2
1,25,387.78,60.31,410.47,88.67,0.5828,1
1,26,415.08,1081.16,450.54,1104.17,0.5806,0
1,27,408.42,1079.37,441.91,1104.19,0.5776,0
1,28,102.06,501.83,123.48,525.77,0.5582,0
1,29,229.95,0.00,250.75,18.27,0.5578,0
1,30,106.71,837.62,125.94,863.95,0.5382,0
1,31,362.91,8.74,384.68,32.09,0.5355,0
1,32,253.72,488.58,273.24,511.11,0.5068,0
1,33,438.11,1232.96,462.62,1259.03,0.5059,0
1,34,386.83,614.88,417.08,648.03,0.5042,0
2,1,152.50,116.13,171.46,149.35,0.7515,0
2,2,180.79,226.27,205.26,256.51,0.8188,0
2,3,126.50,400.56,156.91,429.19,0.8028,0
2,4,452.05,309.87,480.84,346.20,0.8444,2
2,5,454.18,527.61,488.54,562.29,0.8084,2
2,6,120.60,588.46,145.45,610.16,0.7513,0
2,7,201.36,560.01,239.40,596.03,0.7767,2
2,8,106.07,552.77,129.73,572.85,0.7896,0
2,9,390.68,1057.18,420.07,1087.61,0.8137,2
2,10,444.42,951.06,474.35,984.28,0.6985,0
2,11,366.15,231.85,393.15,259.60,0.7224,0
2,12,238.46,565.99,263.88,594.73,0.8276,0
2,13,434.47,922.73,459.14,948.34,0.8338,0
2,14,206.93,215.76,228.80,240.42,0.7575,0
2,15,501.14,281.30,535.89,317.21,0.7408,2
2,16,497.22,528.92,516.11,553.69,0.7577,0
2,17,548.56,47.98,572.99,70.42,0.7395,2
2,18,504.34,92.60,526.39,117.41,0.7094,0
2,19,65.03,874.92,97.93,905.14,0.7049,0
2,20,407.70,726.50,432.32,751.20,0.7002,0
2,22,495.24,737.64,532.64,765.10,0.7639,2
2,23,479.22,296.97,502.84,325.99,0.7452,0
2,24,528.73,84.88,553.88,107.68,0.5582,2
2,25,387.95,64.59,409.17,94.86,0.6113,1
2,26,410.59,1090.92,451.27,1115.13,0.5332,0
2,27,406.74,1088.71,444.06,1114.51,0.5827,0
2,28,102.35,513.95,124.36,533.73,0.6734,0
2,29,230.56,0.77,249.56,24.51,0.7016,0
2,31,362.99,14.65,383.97,36.29,0.6229,0
2,33,438.42,1241.86,463.06,1272.77,0.5054,0
2,34,389.71,625.07,417.25,657.03,0.6605,0
3,1,151.34,124.41,171.17,156.19,0.8463,0
3,2,180.56,231.98,204.97,263.95,0.8323,0
3,3,125.83,408.93,156.64,436.77,0.8145,0
3,4,452.52,317.18,481.09,352.79,0.8260,2
3,5,454.06,535.96,488.73,571.02,0.8310,2
3,6,120.53,595.71,144.80,617.86,0.7297,0
3,7,201.85,565.82,239.38,603.38,0.7059,2
3,8,106.03,561.50,130.06,580.72,0.7223,0
3,9,390.31,1066.13,421.39,1096.85,0.8223,2
3,10,445.62,960.89,474.49,993.58,0.7782,0
3,11,365.67,238.96,393.75,266.33,0.7543,0
3,12,238.94,575.50,263.57,603.26,0.7574,0
3,13,434.92,932.10,458.90,958.49,0.7655,0
3,14,208.46,222.86,229.15,246.69,0.6748,0
3,15,501.42,288.79,536.38,323.06,0.7879,2
3,16,497.57,537.43,516.00,563.20,0.8283,0
3,17,548.88,52.86,573.35,76.18,0.6520,2
3,18,504.27,97.83,526.71,124.12,0.6377,0
3,19,64.02,884.60,95.21,913.58,0.6228,0
3,22,496.37,744.96,533.05,773.13,0.8008,2
3,24,529.05,91.59,554.45,114.11,0.6332,2
3,25,388.10,70.69,409.52,102.42,0.5691,1
3,26,410.01,1100.38,451.82,1124.02,0.6931,0
3,28,102.72,522.00,123.62,542.34,0.5508,0
3,29,230.47,2.26,250.63,31.01,0.7515,0
3,33,439.03,1251.32,463.88,1280.00,0.5638,0
3,34,390.58,631.71,417.77,663.48,0.5852,0
3,32,253.93,503.33,272.90,525.28,0.5689,0
4,1,151.27,129.75,172.07,162.62,0.8237,0
4,2,180.25,239.84,204.50,270.68,0.7924,0
4,3,124.75,417.39,156.44,443.84,0.8114,0
4,4,453.15,323.64,481.96,359.99,0.8384,2
4,5,454.35,544.04,489.67,579.14,0.7905,2
4,6,120.16,604.11,145.05,626.18,0.6203,0
4,7,201.21,574.30,239.15,610.62,0.8155,2
4,8,106.20,569.15,128.82,588.41,0.7959,0
4,9,390.33,1076.46,421.55,1106.85,0.7813,2
4,10,445.82,972.66,474.86,1003.37,0.8087,0
4,12,238.58,582.74,263.76,609.39,0.8197,0
4,13,435.86,941.33,460.03,967.69,0.7790,0
4,14,207.42,229.23,228.36,253.65,0.7245,0
4,15,502.14,295.54,536.75,330.38,0.7817,2
4,16,497.71,546.04,516.29,571.87,0.7514,0
4,17,549.08,60.00,573.87,82.13,0.5202,2
4,18,504.48,105.24,527.15,130.03,0.7129,0
4,19,63.26,893.43,95.55,924.58,0.7148,0
4,22,495.41,754.56,533.84,781.92,0.7098,2
4,24,530.04,97.15,554.59,120.36,0.5528,2
4,25,387.22,77.05,409.00,107.31,0.6233,1
4,28,102.27,529.50,123.56,548.95,0.6360,0
4,29,230.50,7.53,250.78,37.04,0.6914,0
4,33,438.04,1260.11,464.64,1280.00,0.5119,0
4,34,391.89,641.02,417.91,671.63,0.5031,0
4,30,104.79,867.36,124.33,888.78,0.5230,0
4,20,407.47,741.76,433.90,767.80,0.5548,0
4,23,480.59,311.13,503.36,338.55,0.6503,0
4,31,363.26,27.94,383.47,49.26,0.5099,0
5,1,150.76,137.96,171.40,169.27,0.8475,0
5,2,179.95,246.30,204.73,278.05,0.7828,0
5,3,124.34,424.64,157.04,453.04,0.8317,0
5,4,453.21,331.72,482.23,367.30,0.8458,2
5,5,454.64,551.28,489.96,586.39,0.8403,2
5,6,120.58,612.87,143.83,634.84,0.7832,0
5,7,200.90,583.81,239.03,619.58,0.7887,2
5,8,105.55,576.77,128.26,596.48,0.8001,0
5,9,390.57,1086.24,422.13,1116.12,0.7166,2
5,10,446.52,984.65,474.82,1013.19,0.7593,0
5,12,238.13,590.47,263.49,618.67,0.7736,0
5,13,436.04,950.58,461.07,976.72,0.7448,0
5,14,208.33,236.87,228.73,260.90,0.6824,0
5,15,502.21,302.87,537.37,338.31,0.8012,2
5,16,497.72,554.04,515.99,578.89,0.7089,0
5,18,504.25,111.19,527.57,136.95,0.6202,0
5,19,63.05,903.04,96.06,931.94,0.6245,0
5,22,496.82,762.67,534.90,790.78,0.8073,2
5,24,530.02,103.64,555.43,127.59,0.6022,2
5,25,388.39,81.80,412.95,113.00,0.6267,1
5,28,102.16,538.16,123.05,557.28,0.7889,0
5,29,230.44,14.22,251.13,43.41,0.6804,0
5,34,391.64,651.23,417.52,679.51,0.7573,0
5,20,407.74,751.97,433.72,777.24,0.7778,0
5,23,480.87,320.16,504.16,347.55,0.6089,0
5,31,362.85,35.01,383.90,57.52,0.5752,0
5,11,365.47,253.48,393.68,280.48,0.7078,0
6,1,150.75,143.08,171.45,176.67,0.8153,0
6,2,180.10,253.53,204.63,284.44,0.7778,0
6,3,124.84,434.06,156.30,461.39,0.8058,0
6,4,453.23,338.22,482.74,375.36,0.8558,2
6,5,454.99,559.85,490.36,595.53,0.8211,2
6,6,120.52,620.87,143.69,643.08,0.7354,0
6,7,201.00,590.25,239.13,627.23,0.7246,2
6,8,105.12,585.81,128.61,604.03,0.7460,0
6,9,390.91,1095.84,423.18,1126.05,0.8148,2
6,10,446.81,994.74,475.39,1023.29,0.7539,0
6,12,238.50,599.06,263.80,626.77,0.7260,0
6,13,435.93,960.82,461.05,986.88,0.8034,0
6,14,207.21,244.22,228.17,267.82,0.7241,0
6,15,502.09,310.78,537.68,345.54,0.8017,2
6,16,497.82,562.58,516.53,588.24,0.8045,0
6,18,504.74,118.39,528.02,143.66,0.7015,0
6,19,63.23,912.42,91.63,941.32,0.5404,0
6,22,496.71,772.13,536.04,799.76,0.7936,2
6,24,530.10,110.16,555.93,133.98,0.5909,2
6,25,387.94,89.67,411.22,120.02,0.6692,1
6,29,230.84,22.15,250.41,49.89,0.5765,0
6,34,392.82,658.75,418.16,687.44,0.5778,0
6,23,481.26,326.42,504.76,354.07,0.7888,0
6,41,388.83,615.01,425.25,644.40,0.5752,2
6,42,420.12,323.56,447.68,352.73,0.6218,1
6,11,366.38,261.08,393.03,287.90,0.6632,0
6,26,409.20,1129.75,452.65,1154.86,0.7001,0
6,32,254.16,528.16,272.41,546.35,0.5192,0
7,1,150.55,150.54,170.88,183.79,0.8413,0
7,2,179.71,261.02,204.64,291.73,0.7781,0
7,3,123.41,442.93,155.86,469.12,0.8210,0
7,4,453.82,346.19,483.12,382.20,0.8570,2
7,5,455.38,567.29,490.70,603.48,0.8147,2
7,6,119.76,629.47,143.14,650.85,0.7326,0
7,7,200.35,599.40,238.98,635.27,0.8068,2
7,8,105.14,594.10,128.14,612.64,0.8070,0
7,9,390.80,1107.42,422.26,1136.86,0.7899,2
7,10,446.96,1004.35,476.87,1033.13,0.7254,0
7,12,238.33,606.22,263.82,634.46,0.7783,0
7,13,436.39,970.71,461.52,998.12,0.7530,0
7,14,207.47,251.38,228.23,275.38,0.6779,0
7,15,503.19,317.25,537.51,354.07,0.7765,2
7,16,498.29,571.18,517.28,597.21,0.7276,0
7,18,504.94,125.70,528.44,150.44,0.6340,0
7,19,62.73,921.73,91.10,951.48,0.5068,0
7,22,496.97,780.32,536.27,808.86,0.6734,2
7,24,530.70,116.56,556.31,140.80,0.5814,2
7,29,230.77,29.58,250.85,56.71,0.8063,0
7,34,393.96,668.24,418.73,698.21,0.6038,0
7,23,481.49,334.12,504.51,362.00,0.8697,0
7,41,389.01,624.45,419.34,653.00,0.5397,2
7,11,366.17,267.32,393.65,295.38,0.6982,0
7,43,255.55,3.16,273.20,26.23,0.6741,0
7,45,502.66,1160.02,521.63,1182.21,0.6009,0
7,26,409.55,1139.65,452.59,1166.25,0.6857,0
7,28,101.25,554.73,122.95,572.75,0.5312,0
7,31,363.14,49.59,384.37,70.98,0.5407,0
8,1,149.96,157.78,171.07,190.91,0.8425,0
8,2,179.70,268.77,203.93,299.40,0.8038,0
8,3,123.81,452.80,155.67,478.32,0.7905,0
8,4,453.79,353.83,483.34,390.80,0.8453,2
8,5,455.81,575.96,491.11,612.12,0.8169,2
8,6,119.77,638.94,142.67,660.26,0.7322,0
8,7,200.12,609.32,238.21,645.55,0.7732,2
8,8,104.85,602.90,127.18,621.52,0.7641,0
8,9,390.90,1119.51,421.36,1147.79,0.8112,2
8,10,447.49,1014.65,477.52,1043.87,0.7815,0
8,12,237.79,614.93,263.47,644.55,0.7437,0
8,13,436.86,980.97,463.20,1008.85,0.7115,0
8,14,208.04,259.09,228.05,282.69,0.6553,0
8,15,502.62,325.52,537.92,361.43,0.7763,2
8,16,498.37,579.77,518.48,604.82,0.7530,0
8,18,505.57,132.14,528.75,157.25,0.7768,0
8,22,497.29,789.53,536.04,818.55,0.8148,2
8,24,531.30,123.13,557.03,147.83,0.7740,2
8,29,230.63,36.51,249.76,63.71,0.5973,0
8,34,392.54,677.23,418.91,708.26,0.6165,0
8,23,481.33,340.97,505.92,369.77,0.8146,0
8,41,388.49,632.97,423.02,661.13,0.5833,2
8,11,366.31,275.83,393.40,303.19,0.7911,0
8,43,255.28,9.70,272.99,32.12,0.6424,0
8,26,409.18,1149.78,450.72,1177.36,0.5577,0
8,48,222.82,2.65,240.77,29.45,0.6693,0
8,49,476.36,4.13,497.66,39.05,0.6869,1
8,28,99.98,562.85,122.19,581.79,0.6360,0
8,31,363.67,55.65,385.19,77.57,0.6154,0
8,25,389.25,105.49,411.17,134.11,0.6528,1
8,42,419.88,340.49,449.43,368.76,0.5098,1
9,1,149.56,165.36,170.72,199.07,0.8683,0
9,2,179.31,276.60,204.21,307.16,0.8219,0
9,3,122.95,461.89,155.84,487.92,0.8359,0
9,4,454.28,362.52,483.43,399.11,0.8671,2
9,5,456.16,585.06,491.59,620.47,0.8155,2
9,6,119.68,647.01,142.66,669.20,0.7555,0
9,7,201.05,619.36,238.52,654.77,0.7296,2
9,8,103.92,611.80,126.60,630.45,0.7353,0
9,9,391.21,1129.36,422.17,1159.58,0.8057,2
9,10,447.49,1026.14,477.76,1055.22,0.7919,0
9,12,238.04,625.38,263.77,653.76,0.7788,0
9,13,438.16,991.30,464.73,1019.42,0.7043,0
9,14,205.59,267.56,227.69,290.04,0.7369,0
9,15,503.45,332.28,538.74,369.31,0.8363,2
9,16,498.88,588.74,519.63,612.50,0.7314,0
9,18,505.91,139.57,529.26,164.36,0.7468,0
9,22,499.94,799.28,536.96,827.78,0.8090,2
9,24,531.23,129.60,557.35,155.40,0.5045,2
9,29,230.18,42.97,250.14,71.10,0.7652,0
9,34,392.70,688.28,418.98,719.69,0.5993,0
9,23,481.84,348.76,505.55,377.15,0.8174,0
9,41,389.07,642.13,419.56,670.24,0.5529,2
9,11,366.89,283.27,394.87,310.93,0.7681,0
9,43,254.77,15.68,273.17,39.58,0.7374,0
9,26,411.61,1159.67,454.11,1187.72,0.5739,0
9,48,222.35,9.04,240.09,35.62,0.5922,0
9,49,478.96,13.37,497.69,45.80,0.7947,1
9,28,99.79,569.42,121.52,590.59,0.5123,0
9,31,364.16,63.55,385.17,84.26,0.5636,0
9,17,551.67,95.18,576.32,115.82,0.5069,2
9,19,60.83,943.38,88.44,972.08,0.6761,0
10,1,149.28,174.22,170.82,205.44,0.8166,0
10,2,179.18,285.00,204.16,315.87,0.8161,0
10,3,122.11,471.38,156.19,496.87,0.7969,0
10,4,454.49,371.09,484.30,406.47,0.8441,2
10,5,457.41,593.80,492.58,630.14,0.7834,2
10,6,119.22,655.75,141.65,679.06,0.6713,0
10,7,200.17,628.87,239.01,664.16,0.7733,2
10,8,103.74,621.19,126.68,639.96,0.7871,0
10,9,391.87,1140.44,423.44,1171.34,0.7678,2
10,10,447.77,1038.19,477.94,1065.87,0.7110,0
10,12,238.07,634.08,263.88,662.87,0.7727,0
10,13,438.97,1002.31,465.46,1030.00,0.6826,0
10,14,207.15,274.99,228.31,298.60,0.6759,0
10,15,503.43,340.50,539.66,377.07,0.8050,2
10,16,499.57,598.14,520.38,623.14,0.6665,0
10,18,506.67,146.48,530.01,171.96,0.7385,0
10,22,499.51,808.87,538.04,838.18,0.7887,2
10,24,530.90,136.85,558.48,162.68,0.6134,2
10,29,229.90,49.73,250.12,78.89,0.7173,0
10,34,394.74,696.99,419.27,728.54,0.5826,0
10,23,481.83,357.23,506.87,386.32,0.8791,0
10,41,389.86,650.95,413.93,680.21,0.5181,2
10,11,366.70,290.93,395.58,319.09,0.7563,0
10,43,254.95,23.31,273.07,46.71,0.7457,0
10,26,412.61,1170.84,454.43,1199.63,0.5658,0
10,48,222.89,17.46,240.01,43.24,0.6868,0
10,49,478.61,19.61,498.12,53.58,0.7604,1
10,28,99.74,577.26,120.88,598.85,0.5422,0
10,52,567.21,80.43,584.47,97.26,0.5098,0
10,19,60.69,952.52,88.30,983.49,0.5668,0
10,25,389.85,121.10,410.84,149.40,0.6048,1
11,1,148.78,181.22,170.54,214.55,0.8118,0
11,2,179.27,292.87,204.19,323.36,0.8284,0
11,3,122.22,482.06,155.06,506.93,0.7539,0
11,4,454.70,379.14,484.33,415.82,0.8417,2
11,5,457.85,603.36,492.62,639.31,0.8128,2
11,6,119.18,666.02,142.95,688.24,0.7720,0
11,7,199.88,639.69,238.03,673.03,0.8061,2
11,8,103.40,629.96,126.03,649.49,0.7880,0
11,9,392.87,1152.38,422.13,1183.85,0.7746,2
11,10,448.18,1051.07,477.86,1077.86,0.7322,0
11,12,237.65,642.45,263.81,672.20,0.8093,0
11,13,439.41,1013.82,466.06,1041.65,0.8167,0
11,14,207.27,284.03,228.01,307.05,0.7629,0
11,15,504.53,349.57,540.63,385.23,0.7834,2
11,16,500.89,607.39,521.30,631.46,0.6797,0
11,18,507.33,154.08,530.58,179.64,0.7954,0
11,22,501.23,819.38,538.28,848.78,0.7291,2
11,29,229.95,58.99,249.98,86.11,0.7660,0
11,23,482.20,364.66,507.78,394.79,0.7564,0
11,11,367.76,299.87,396.80,328.02,0.7757,0
11,43,255.13,31.06,273.17,54.45,0.6707,0
11,26,413.65,1183.99,453.50,1212.23,0.5437,0
11,48,222.47,27.08,239.48,49.97,0.6674,0
11,49,477.80,26.73,498.20,61.56,0.7868,1
11,28,99.48,587.34,122.44,608.60,0.6079,0
11,19,59.93,963.47,87.12,994.03,0.5748,0
11,54,83.86,828.42,107.95,853.62,0.6689,1
11,55,162.94,5.72,188.70,34.75,0.7416,1
11,57,134.53,6.77,155.34,38.45,0.7256,1
11,25,389.63,128.65,411.59,157.05,0.5092,1
11,20,410.18,808.32,439.07,835.38,0.5448,1
11,42,421.08,364.21,450.94,394.60,0.6088,1
11,31,363.84,79.13,386.11,101.21,0.5335,0
11,17,552.75,109.58,576.76,131.03,0.6088,2
12,1,148.26,189.88,169.79,221.92,0.8555,0
12,2,179.23,302.55,204.19,332.07,0.8214,0
12,3,121.91,492.32,155.18,518.31,0.8282,0
12,4,455.13,388.94,484.58,425.11,0.8587,2
12,5,458.58,614.27,493.48,648.71,0.8135,2
12,6,118.07,675.74,143.25,698.25,0.7849,0
12,7,199.84,649.75,237.70,683.52,0.8137,2
12,8,103.23,640.65,124.87,659.60,0.7724,0
12,9,393.55,1164.51,422.16,1195.48,0.7146,2
12,10,448.60,1063.41,478.09,1090.43,0.7857,0
12,12,237.37,652.69,263.78,682.40,0.8289,0
12,13,439.91,1025.83,466.23,1053.52,0.8355,0
12,14,205.53,292.72,227.71,315.12,0.7012,0
12,15,505.14,358.54,541.45,393.73,0.7731,2
12,16,502.30,618.80,522.18,641.41,0.6878,0
12,18,509.15,162.08,530.92,187.30,0.7733,0
12,22,500.08,830.84,539.53,859.52,0.7097,2
12,29,229.82,65.06,250.22,93.61,0.7589,0
12,23,482.48,372.99,508.11,403.88,0.8165,0
12,11,367.76,307.94,402.81,337.37,0.7554,0
12,43,255.20,39.60,273.11,62.39,0.6704,0
12,26,414.52,1195.94,457.25,1224.67,0.5111,0
12,48,222.77,33.56,239.63,58.04,0.6871,0
12,49,479.34,35.55,498.21,70.11,0.7748,1
12,28,98.26,598.82,121.79,619.87,0.6008,0
12,19,59.51,974.12,86.52,1005.98,0.6791,0
12,55,163.33,13.54,188.78,42.62,0.6136,1
12,57,134.46,16.64,154.60,45.72,0.5768,0
12,59,487.99,1013.21,508.65,1031.68,0.5806,0
12,60,164.22,669.47,182.13,697.06,0.6048,0
12,20,411.04,820.14,439.35,846.64,0.5120,1
12,17,553.70,116.86,578.08,138.16,0.6532,2
12,52,569.07,95.01,586.69,113.28,0.7540,0
13,1,147.99,198.88,169.74,228.66,0.7944,0
13,2,179.00,311.55,203.73,341.35,0.8271,0
13,3,121.81,502.52,155.64,528.85,0.8527,0
13,4,455.20,398.74,485.59,433.54,0.8539,2
13,5,459.13,624.29,494.14,659.32,0.8308,2
13,6,118.21,686.08,142.29,707.98,0.7474,0
13,7,199.66,660.44,238.05,695.02,0.8089,2
13,8,102.75,650.90,124.12,670.21,0.7555,0
13,9,394.03,1177.68,423.57,1209.26,0.7927,2
13,10,449.26,1075.23,478.84,1103.29,0.7672,0
13,12,237.61,664.26,263.48,693.46,0.7924,0
13,13,440.21,1037.95,466.80,1065.86,0.8269,0
13,14,206.93,301.44,228.23,324.60,0.6180,0
13,15,505.21,367.57,541.54,403.86,0.7274,2
13,16,502.85,629.50,522.74,650.68,0.6646,0
13,18,509.32,169.52,531.93,196.31,0.8340,0
13,22,504.00,841.75,541.05,870.74,0.7267,2
13,29,229.85,73.88,249.56,101.72,0.6759,0
13,23,483.30,383.11,508.30,413.53,0.7862,0
13,11,367.69,316.01,402.82,346.34,0.7403,0
13,43,254.45,47.27,273.13,69.84,0.6942,0
13,48,222.58,41.43,239.96,66.17,0.7221,0
13,49,478.98,42.65,499.43,78.30,0.7496,1
13,28,98.06,609.08,121.33,629.72,0.5006,0
13,19,58.66,985.78,88.48,1016.80,0.6293,0
13,55,162.49,20.65,188.73,50.53,0.7749,1
13,57,134.63,24.64,156.14,53.04,0.5849,1
13,59,488.10,1024.43,510.31,1042.91,0.6826,0
13,20,412.03,831.92,439.20,857.95,0.5046,0
13,17,554.90,124.61,578.09,146.81,0.5751,2
13,34,396.36,732.32,421.21,762.44,0.6486,0
13,41,390.87,680.39,418.25,713.64,0.6454,2
13,25,390.66,144.49,413.32,174.06,0.7231,1
14,1,147.90,205.68,168.98,238.34,0.8305,0
14,2,178.98,319.94,203.32,350.32,0.8386,0
14,3,121.91,513.59,155.03,541.23,0.8299,0
14,4,455.25,408.27,486.30,442.92,0.8308,2
14,5,460.03,634.03,493.99,671.17,0.8451,2
14,6,117.84,696.83,141.02,719.18,0.5551,0
14,7,199.40,670.17,238.78,704.99,0.7465,2
14,8,102.38,661.80,123.88,680.68,0.6736,0
14,9,394.22,1190.10,424.51,1222.33,0.7562,2
14,10,450.59,1087.36,479.75,1115.58,0.7780,0
14,12,238.38,675.97,263.50,703.85,0.7827,0
14,13,440.58,1050.82,466.25,1078.49,0.8233,0
14,14,207.04,310.64,228.01,333.54,0.7489,0
14,15,506.08,377.59,541.74,412.76,0.7790,2
14,16,503.31,640.60,523.35,663.97,0.6891,0
14,18,509.47,177.10,532.80,204.59,0.7992,0
14,22,502.03,852.06,542.25,882.72,0.8152,2
14,29,229.86,83.59,249.94,109.65,0.7833,0
14,23,484.07,391.00,508.51,422.43,0.7931,0
14,11,368.02,326.28,405.55,355.25,0.7984,0
14,43,254.78,54.99,273.26,78.29,0.7033,0
14,48,222.05,48.91,239.65,73.59,0.6896,0
14,49,479.14,50.67,499.48,86.94,0.8106,1
14,28,97.58,617.99,122.02,640.78,0.5060,0
14,19,58.14,997.42,88.71,1029.24,0.7048,0
14,55,162.07,27.58,188.66,58.27,0.7242,1
14,57,134.35,31.56,156.16,60.73,0.7310,1
14,59,488.91,1036.62,511.40,1055.70,0.6092,0
14,20,412.58,843.92,439.20,870.41,0.6430,0
14,17,556.03,132.68,579.01,154.78,0.7459,2
14,34,396.81,743.34,421.32,774.27,0.6725,0
14,41,391.11,691.06,421.08,725.16,0.6325,2
14,30,100.12,970.91,121.70,1002.07,0.5163,0
14,32,255.94,607.35,274.64,624.48,0.5531,0
14,31,364.47,103.51,386.93,127.46,0.7174,0
14,26,416.76,1222.28,459.92,1251.30,0.5221,0
15,1,147.48,215.15,169.18,245.99,0.8531,0
15,2,178.91,328.95,203.82,359.75,0.8586,0
15,3,120.97,524.37,154.21,552.66,0.8248,0
15,4,455.45,417.85,486.43,453.54,0.7800,2
15,5,460.46,643.65,494.66,681.20,0.8243,2
15,6,116.93,705.87,141.71,730.17,0.7658,0
15,7,199.21,679.19,239.16,715.19,0.7717,2
15,8,101.99,672.13,122.92,691.33,0.6708,0
15,9,394.93,1203.71,424.56,1236.00,0.7796,2
15,10,450.71,1099.27,480.66,1128.77,0.8022,0
15,12,238.16,685.49,263.55,714.42,0.7647,0
15,13,440.81,1063.10,467.21,1091.72,0.8192,0
15,14,205.43,319.87,227.61,342.68,0.6952,0
15,15,506.33,388.17,542.90,423.18,0.7821,2
15,16,504.40,651.07,524.04,677.04,0.7092,0
15,18,510.25,186.94,533.54,213.78,0.7638,0
15,22,502.20,863.28,542.70,894.68,0.7849,2
15,29,229.67,90.42,250.22,117.91,0.7824,0
15,23,484.21,401.29,508.93,432.08,0.5167,0
15,11,369.04,335.53,403.61,364.77,0.7673,0
15,43,255.08,64.04,273.08,86.60,0.6732,0
15,48,222.72,57.86,239.12,82.74,0.6083,0
15,49,479.81,59.44,499.68,96.16,0.8073,1
15,28,97.00,628.01,121.92,650.07,0.5299,0
15,19,57.54,1010.00,89.37,1041.73,0.6313,0
15,17,556.05,141.65,579.35,162.41,0.5630,2
15,31,364.94,112.90,386.85,135.71,0.5610,0
15,52,570.83,120.12,588.91,138.16,0.7792,0
15,25,391.37,156.60,415.21,190.78,0.5875,1
16,1,147.24,225.22,170.34,257.10,0.8340,0
16,2,178.69,338.64,203.74,369.10,0.7853,0
16,3,120.73,536.56,154.05,566.50,0.8236,0
16,4,456.35,427.26,486.48,464.14,0.8587,2
16,5,460.31,655.71,495.07,691.57,0.8390,2
16,6,116.47,718.04,141.71,740.78,0.7162,0
16,7,198.82,690.40,238.93,726.70,0.8202,2
16,8,101.34,682.76,122.56,702.30,0.6648,0
16,9,395.16,1217.38,423.47,1250.07,0.8126,2
16,10,451.94,1112.95,481.33,1142.06,0.7668,0
16,12,238.00,695.95,263.31,725.73,0.7787,0
16,13,440.98,1075.87,467.99,1104.92,0.7902,0
16,14,205.10,328.87,227.71,352.59,0.6383,0
16,15,507.08,397.98,543.59,432.98,0.7855,2
16,16,504.71,661.39,524.57,686.75,0.6005,0
16,18,509.79,195.18,533.95,222.68,0.8110,0
16,22,502.80,875.57,543.45,906.56,0.8148,2
16,29,229.61,99.55,249.76,126.63,0.7444,0
16,23,484.45,411.95,509.07,443.00,0.6290,0
16,11,368.62,345.80,405.61,374.80,0.7189,0
16,43,254.28,72.77,272.97,95.02,0.6984,0
16,48,221.97,66.14,239.09,91.49,0.7322,0
16,49,479.15,67.01,500.21,106.26,0.7875,1
16,28,96.59,638.62,121.53,660.58,0.5718,0
16,19,56.65,1022.88,87.50,1054.55,0.6507,0
16,17,557.18,150.05,580.74,172.23,0.6727,2
16,68,273.96,629.86,298.09,647.45,0.5057,0
16,52,571.18,129.66,589.74,147.59,0.6267,0
16,25,391.23,169.63,413.53,199.85,0.7272,1
16,24,535.64,187.49,562.22,211.53,0.6660,2
16,42,423.38,404.67,450.83,441.50,0.5697,1
16,60,162.76,712.06,182.20,740.35,0.5676,0
16,20,413.39,867.90,440.22,895.67,0.5242,0
16,34,396.23,769.03,421.74,799.31,0.6607,0
16,30,99.57,996.53,121.37,1026.90,0.5310,0
16,32,254.04,630.05,273.83,648.35,0.5272,0
16,26,418.51,1246.53,459.70,1278.68,0.5044,0
17,1,146.84,234.85,170.78,265.44,0.8201,0
17,2,177.84,348.46,203.33,379.26,0.6568,0
17,3,119.73,548.50,154.43,577.01,0.8139,0
17,4,456.36,437.58,487.04,474.37,0.8603,2
17,5,460.29,666.73,496.00,702.52,0.8468,2
17,6,115.39,729.17,140.36,752.05,0.7417,0
17,7,198.47,702.22,237.62,737.70,0.8482,2
17,8,100.59,693.31,122.18,714.09,0.7281,0
17,9,395.99,1230.58,424.30,1264.11,0.7415,2
17,10,451.93,1126.60,481.97,1155.65,0.8233,0
17,12,237.09,706.41,263.40,736.22,0.8144,0
17,13,441.16,1088.90,468.82,1117.80,0.8123,0
17,14,205.68,339.25,227.47,363.57,0.5733,0
17,15,507.51,407.40,543.52,443.16,0.7998,2
17,16,505.64,672.86,525.88,696.46,0.7094,0
17,18,510.34,205.53,534.64,232.16,0.8523,0
17,22,503.72,887.35,544.19,919.27,0.8050,2
17,29,229.61,109.64,249.94,135.45,0.7974,0
17,11,368.22,355.91,406.21,385.60,0.6860,0
17,43,254.56,81.06,273.17,104.05,0.6729,0
17,48,220.84,75.33,238.80,99.48,0.7096,0
17,49,477.92,75.77,501.25,115.23,0.7888,1
17,28,96.01,649.45,121.11,671.51,0.5566,0
17,19,56.28,1036.29,86.25,1066.69,0.6228,0
17,17,557.86,158.48,581.91,180.94,0.7400,2
17,25,391.49,178.94,412.82,208.80,0.6829,1
17,20,413.77,879.71,441.24,907.83,0.5405,0
17,34,397.18,782.07,421.40,810.76,0.6545,0
17,55,161.30,48.23,188.19,83.89,0.5202,1
17,57,133.34,53.92,154.93,85.10,0.5761,1
17,31,364.17,129.71,388.03,152.28,0.6959,0
18,1,146.34,243.20,169.18,274.36,0.8503,0
18,2,177.70,359.04,202.79,389.94,0.7869,0
18,3,118.63,560.72,154.95,589.16,0.8132,0
18,4,456.53,448.56,487.24,484.56,0.8450,2
18,5,460.68,678.14,496.95,713.74,0.8479,2
18,6,114.68,742.05,139.47,764.41,0.6671,0
18,7,198.48,714.98,236.43,749.43,0.8573,2
18,8,100.07,704.61,121.65,725.53,0.6273,0
18,9,395.86,1245.94,425.74,1278.65,0.6336,2
18,10,451.92,1138.16,482.83,1169.95,0.7812,0
18,12,236.53,717.69,262.96,748.23,0.7437,0
18,13,441.41,1101.85,469.15,1131.32,0.8101,0
18,14,206.51,348.62,226.93,372.98,0.5730,0
18,15,507.45,417.26,543.88,452.90,0.8000,2
18,16,506.26,685.61,526.87,707.91,0.6822,0
18,18,511.06,215.10,535.20,241.06,0.7745,0
18,22,506.34,899.24,544.78,931.47,0.8346,2
18,29,229.22,116.34,250.42,144.24,0.7610,0
18,11,368.20,365.09,407.85,394.88,0.6991,0
18,43,254.41,89.57,272.91,112.57,0.7231,0
18,49,479.24,85.05,501.58,124.61,0.8084,1
18,28,95.61,660.40,120.56,682.33,0.5077,0
18,19,55.44,1049.65,84.20,1079.86,0.6857,0
18,17,558.11,167.58,583.19,189.93,0.6204,2
18,25,391.78,189.33,415.08,218.29,0.6227,1
18,20,413.99,892.40,442.15,920.27,0.6630,0
18,34,397.27,795.36,420.77,823.43,0.6021,0
18,69,543.49,1114.65,570.04,1145.61,0.6270,0
18,55,161.23,58.23,187.54,92.69,0.5843,1
18,59,489.64,1088.47,512.19,1108.52,0.5702,0
18,23,485.79,431.26,509.85,462.63,0.5102,1
18,52,571.42,147.40,590.63,164.77,0.7560,0
18,42,422.48,431.05,451.55,462.98,0.7694,2
19,1,145.90,253.22,167.67,285.02,0.8265,0
19,2,177.23,369.04,202.54,399.95,0.8220,0
19,3,117.67,573.27,153.82,601.28,0.7947,0
19,4,456.97,459.33,487.52,495.15,0.8174,2
19,5,461.00,689.76,497.64,725.64,0.8427,2
19,6,113.45,753.23,139.04,775.96,0.6937,0
19,7,197.91,727.18,236.07,761.21,0.8491,2
19,8,99.49,716.55,120.83,737.13,0.6569,0
19,10,452.51,1152.86,484.08,1184.40,0.7684,0
19,12,236.27,729.52,262.40,760.60,0.7828,0
19,13,441.67,1115.06,469.08,1147.01,0.7601,0
19,14,204.76,359.53,226.62,383.36,0.7585,0
19,15,507.24,428.27,544.04,462.97,0.7705,2
19,16,506.46,697.52,527.26,721.43,0.6131,0
19,18,511.81,224.02,535.29,250.72,0.7461,0
19,22,511.14,911.38,545.87,942.71,0.7463,2
19,29,229.15,125.90,249.69,152.96,0.7139,0
19,11,368.82,376.99,403.16,404.76,0.7754,0
19,43,254.35,98.12,272.89,121.03,0.7475,0
19,49,479.54,93.83,501.84,134.75,0.7852,1
19,28,95.24,672.17,119.22,694.80,0.5221,0
19,19,54.82,1064.39,83.05,1093.24,0.7088,0
19,17,558.67,176.07,583.17,198.82,0.5991,2
19,25,391.50,197.53,414.71,227.83,0.7152,1
19,34,396.64,807.70,420.35,836.05,0.6426,0
19,69,545.12,1128.78,570.18,1158.83,0.5908,0
19,55,161.00,68.73,187.28,101.36,0.6871,1
19,23,486.15,442.63,510.14,473.11,0.5898,0
19,52,573.45,156.71,591.60,174.64,0.6450,0
19,42,422.23,443.65,451.72,473.69,0.7150,2
19,24,536.54,215.66,563.00,237.81,0.5005,2
19,48,219.50,94.81,237.59,117.26,0.5722,0
20,1,145.11,264.19,166.28,296.41,0.8108,0
20,2,176.72,379.16,202.49,410.12,0.8397,0
20,3,117.07,584.51,153.02,612.60,0.7959,0
20,4,457.11,469.64,487.89,505.63,0.8346,2
20,5,461.24,702.04,498.38,737.16,0.8367,2
20,6,112.81,765.43,138.52,787.85,0.7163,0
20,7,196.67,739.33,235.36,772.70,0.8389,2
20,8,98.56,727.31,120.22,749.56,0.7400,0
20,10,452.74,1168.65,484.32,1199.11,0.7500,0
20,12,236.03,741.70,262.30,772.81,0.8235,0
20,13,442.38,1128.99,468.51,1161.15,0.7370,0
20,14,203.89,369.25,226.40,393.32,0.7589,0
20,15,507.08,438.72,544.39,473.50,0.7971,2
20,16,506.93,709.11,527.45,733.80,0.6088,0
20,18,511.99,234.08,535.94,259.49,0.8466,0
20,22,511.97,925.99,545.50,956.20,0.7670,2
20,29,229.06,136.51,249.30,162.14,0.7119,0
20,11,368.63,386.73,407.30,416.01,0.7265,0
20,43,253.75,107.55,272.88,129.66,0.6769,0
20,49,479.80,102.36,502.55,143.39,0.7506,1
20,28,94.76,683.99,118.88,705.75,0.6250,0
20,19,53.22,1077.43,82.63,1106.84,0.6358,0
20,17,559.03,184.93,583.12,207.42,0.7559,2
20,25,391.17,207.88,413.47,236.87,0.7517,1
20,34,395.98,820.92,420.90,849.63,0.8139,0
20,55,159.92,75.99,186.65,110.08,0.8051,1
20,23,485.26,453.57,510.21,483.41,0.6541,0
20,52,573.21,165.88,591.50,184.92,0.6042,0
20,42,422.47,454.93,450.92,483.81,0.5254,2
20,48,218.67,104.29,237.25,127.48,0.7305,0
20,57,130.62,82.65,152.01,110.81,0.5813,1
20,59,489.36,1116.02,512.86,1135.78,0.6535,0
21,1,144.98,274.22,165.55,306.77,0.7387,0
21,2,176.00,390.01,202.11,420.00,0.8283,0
21,3,116.52,597.02,151.42,624.51,0.8059,0
21,4,457.91,480.01,488.52,516.28,0.8186,2
21,5,460.98,713.54,498.68,749.25,0.8392,2
21,6,110.96,777.23,138.82,800.22,0.7886,0
21,7,195.41,752.70,235.63,784.67,0.7974,2
21,8,97.39,739.56,119.30,761.76,0.7069,0
21,10,452.99,1183.89,484.20,1213.35,0.7205,0
21,12,235.23,754.31,262.28,784.99,0.7888,0
21,13,443.02,1142.72,468.49,1175.74,0.7317,0
21,14,203.42,380.36,226.05,403.69,0.7064,0
21,15,508.78,448.94,544.73,484.80,0.7918,2
21,16,506.77,722.36,527.38,747.54,0.6034,0
21,18,513.11,245.08,536.16,268.84,0.8398,0
21,22,514.32,938.82,545.83,968.74,0.8001,2
21,29,228.49,144.73,249.18,172.04,0.7422,0
21,11,367.84,396.90,410.38,427.59,0.5390,1
21,43,252.02,116.24,272.42,139.82,0.6658,0
21,49,478.80,112.50,502.97,152.67,0.7612,1
21,28,94.02,696.73,116.26,717.74,0.5967,0
21,19,51.64,1090.48,81.12,1120.59,0.5880,1
21,17,559.10,194.73,583.44,216.72,0.6762,2
21,25,391.24,217.79,414.35,245.92,0.7245,1
21,34,396.39,834.57,421.57,863.37,0.8141,0
21,55,159.05,85.33,186.14,118.66,0.7652,1
21,42,422.62,464.06,451.72,494.73,0.5642,2
21,48,219.07,113.06,236.37,137.06,0.6279,0
21,73,541.22,1181.08,566.91,1207.74,0.6060,0
21,74,217.88,318.50,239.01,340.26,0.5755,0
21,59,490.30,1129.69,513.74,1148.83,0.6522,0
21,31,364.56,168.55,387.98,191.06,0.6673,0
21,24,539.10,234.19,563.90,257.64,0.5601,2
22,1,143.84,282.73,165.07,316.01,0.7773,0
22,2,175.11,399.64,201.24,430.56,0.8490,0
22,3,115.26,609.60,150.44,636.20,0.7994,0
22,4,458.34,490.71,488.92,527.66,0.8414,2
22,5,461.01,725.61,498.79,761.43,0.8294,2
22,6,109.53,789.86,138.11,812.31,0.7627,0
22,7,195.88,766.05,234.75,797.53,0.8181,2
22,8,96.36,752.03,118.24,774.42,0.6546,0
22,10,453.07,1199.03,485.11,1228.23,0.5857,0
22,12,235.15,767.08,261.25,797.84,0.7664,0
22,13,443.27,1156.41,468.56,1190.49,0.7920,0
22,14,203.21,391.18,225.58,414.82,0.6633,0
22,15,508.91,459.76,545.07,495.92,0.8153,2
22,16,507.51,734.23,528.21,761.12,0.6713,0
22,18,513.23,254.56,536.57,278.57,0.7884,0
22,22,515.30,953.32,545.50,983.31,0.8067,2
22,29,228.09,153.87,248.69,181.63,0.6450,0
22,11,367.74,408.03,410.50,439.16,0.5874,0
22,43,251.38,125.40,272.05,148.77,0.6959,0
22,49,478.83,122.62,503.27,162.22,0.7909,1
22,28,92.65,709.41,114.77,730.08,0.6009,0
22,34,396.68,847.64,421.62,876.50,0.7902,0
22,55,158.74,95.09,185.13,128.00,0.5566,1
22,73,541.96,1195.67,568.33,1221.59,0.5292,0
22,74,214.81,327.81,238.60,351.05,0.7489,0
22,59,490.66,1143.69,514.51,1162.56,0.6766,0
22,24,540.20,243.97,564.36,267.68,0.5176,2
22,30,90.77,1076.57,114.43,1107.92,0.5476,0
22,20,414.04,945.90,442.33,974.05,0.5042,0
22,23,486.09,476.13,510.19,505.54,0.6161,0
22,52,572.83,184.88,591.96,202.96,0.7541,0
23,1,142.57,292.56,164.61,326.24,0.7735,0
23,2,174.57,410.31,200.52,441.36,0.8411,0
23,3,114.32,622.20,148.93,649.17,0.8096,0
23,4,458.58,501.49,488.34,538.29,0.8465,2
23,5,461.46,737.80,499.73,774.54,0.8305,2
23,6,108.68,803.10,137.24,825.20,0.6504,0
23,7,193.61,777.83,235.01,809.43,0.7283,2
23,8,95.20,765.01,116.83,786.92,0.7757,0
23,10,452.55,1211.68,485.73,1243.71,0.7042,0
23,12,234.45,779.71,260.79,810.42,0.7434,0
23,13,443.44,1171.79,469.18,1206.09,0.7999,0
23,14,203.04,400.87,225.27,424.65,0.6884,0
23,15,509.32,470.08,545.53,506.94,0.8251,2
23,16,507.41,748.55,528.42,776.21,0.6778,0
23,18,513.54,263.98,536.46,288.60,0.7197,0
23,22,511.43,966.43,546.24,996.88,0.7103,2
23,29,227.49,163.49,248.45,190.49,0.6310,0
23,11,367.37,417.49,409.10,449.47,0.6821,0
23,43,250.77,134.52,272.01,157.56,0.7762,0
23,49,478.08,131.20,503.94,172.25,0.8053,1
23,28,91.86,722.69,114.22,742.10,0.5438,0
23,34,395.46,859.85,421.56,889.94,0.7273,0
23,55,157.34,101.96,184.13,136.95,0.7188,1
23,73,541.02,1200.40,569.59,1236.67,0.6367,0
23,59,491.09,1158.38,514.15,1178.09,0.6501,0
23,24,539.66,254.64,565.06,277.32,0.7372,2
23,30,90.17,1092.11,113.92,1121.69,0.5410,0
23,20,414.13,959.34,443.09,987.07,0.5916,1
23,23,487.00,488.05,510.20,515.78,0.5912,0
23,57,128.32,108.33,148.32,138.80,0.5874,1
23,17,559.92,212.05,584.44,235.01,0.7418,2
23,25,391.11,236.18,412.61,265.38,0.6545,1
23,48,217.59,129.98,236.23,155.09,0.7781,0
23,31,364.62,189.56,386.90,211.92,0.5188,0
24,1,141.87,303.44,164.79,336.43,0.8328,0
24,2,174.00,421.07,200.02,451.31,0.7986,0
24,3,113.42,635.32,148.95,662.62,0.7979,0
24,4,458.55,513.77,488.07,549.53,0.8639,2
24,5,461.66,750.28,500.34,787.48,0.8426,2
24,6,108.28,816.84,136.32,838.13,0.7191,0
24,7,192.59,790.26,234.45,822.02,0.7289,2
24,8,93.91,777.09,115.83,799.59,0.7686,0
24,10,452.77,1224.23,485.24,1259.01,0.7220,0
24,12,233.69,792.63,260.56,822.99,0.7296,0
24,13,442.88,1186.79,469.88,1219.71,0.8061,0
24,14,202.49,410.47,225.05,435.54,0.7787,0
24,15,509.86,480.66,545.82,518.39,0.8043,2
24,16,507.53,760.63,528.77,788.00,0.6984,0
24,18,513.65,273.50,536.95,298.77,0.6643,0
24,22,508.86,980.98,546.87,1011.72,0.6659,2
24,29,226.86,173.00,247.68,199.96,0.6245,0
24,11,367.53,429.05,409.48,459.27,0.7240,0
24,43,250.19,144.23,271.35,167.17,0.7506,0
24,49,478.09,140.00,504.67,181.91,0.7902,1
24,34,396.43,876.13,421.90,904.20,0.6507,0
24,55,157.12,112.21,183.48,145.98,0.6337,1
24,73,541.29,1207.50,571.54,1251.37,0.6728,0
24,59,491.19,1172.20,514.07,1192.58,0.6065,0
24,24,540.03,263.52,565.55,287.66,0.7623,2
24,20,414.66,973.73,443.06,1000.26,0.6909,1
24,23,487.65,496.96,511.15,526.58,0.6466,0
24,75,449.09,1.82,480.80,25.89,0.6612,2
24,17,559.51,221.61,585.25,243.78,0.6758,2
24,25,391.25,246.12,412.99,274.99,0.7990,1
24,48,217.59,137.71,235.14,163.71,0.6591,0
24,41,392.54,810.69,414.49,844.56,0.5273,2
24,60,158.29,810.78,175.79,838.64,0.6847,0
24,19,47.70,1132.03,77.11,1162.74,0.5525,0
24,52,575.01,204.36,592.06,222.82,0.5788,0
25,1,141.64,312.80,163.34,346.90,0.7961,0
25,2,173.77,430.26,199.56,462.18,0.7823,0
25,3,112.74,648.42,149.13,674.54,0.8068,0
25,4,458.42,524.84,487.98,560.60,0.8149,2
25,5,461.57,762.38,500.66,800.25,0.8347,2
25,6,107.20,829.75,134.76,851.02,0.6827,0
25,7,192.08,803.03,233.99,834.73,0.7117,2
25,8,92.46,790.60,113.97,811.49,0.6868,0
25,10,453.18,1237.30,485.74,1275.17,0.7674,0
25,12,233.26,805.66,260.13,835.43,0.6970,0
25,13,443.24,1202.72,470.56,1234.58,0.7487,0
25,14,201.90,420.53,224.61,447.08,0.7534,0
25,15,510.25,492.08,546.59,528.27,0.8032,2
25,16,508.53,772.22,529.46,798.44,0.6973,0
25,18,514.68,283.76,537.53,309.30,0.8002,0
25,22,507.12,996.35,547.40,1026.64,0.6108,2
25,29,225.34,181.82,247.46,209.53,0.7237,0
25,11,367.78,441.02,411.43,470.00,0.5808,0
25,43,249.30,154.10,270.78,176.22,0.6610,0
25,49,477.68,149.84,504.48,191.59,0.7937,1
25,55,155.64,120.40,182.74,156.19,0.6765,1
25,20,414.51,987.41,444.36,1013.80,0.5511,1
25,23,487.53,508.69,510.91,537.55,0.6806,0
25,75,452.12,3.32,479.13,35.24,0.8263,2
25,17,559.98,231.29,585.44,254.47,0.7378,2
25,25,391.30,255.13,413.44,285.16,0.7353,1
25,48,217.33,147.74,234.35,173.27,0.5202,0
25,78,554.12,409.81,570.78,427.18,0.6487,0
25,80,429.46,1.88,453.15,17.02,0.7322,0
25,60,156.61,823.00,175.01,851.11,0.5255,0
25,19,45.92,1147.14,76.61,1177.49,0.6107,0
25,42,422.32,510.35,451.05,539.36,0.7266,2
25,31,364.36,207.51,387.74,231.76,0.6236,0
26,1,140.52,322.10,160.86,357.05,0.7934,0
26,2,172.69,440.68,199.34,472.52,0.8167,0
26,3,110.75,661.73,148.47,686.36,0.6915,0
26,5,462.44,774.75,500.95,813.04,0.8557,2
26,6,105.87,839.88,133.42,863.47,0.6198,0
26,7,191.04,815.88,233.07,847.39,0.5020,2
26,8,91.36,803.09,113.82,824.03,0.6882,0
26,10,454.99,1250.31,485.01,1280.00,0.6034,0
26,12,232.27,818.59,259.26,848.03,0.6706,0
26,13,443.56,1217.31,472.03,1249.75,0.6390,0
26,14,201.76,430.24,223.99,457.44,0.7240,0
26,15,510.79,503.51,546.82,538.88,0.8080,2
26,16,509.98,787.02,530.16,813.93,0.6947,0
26,18,514.63,293.75,536.85,318.99,0.8255,0
26,29,223.86,192.46,246.67,218.10,0.5621,0
26,11,368.01,451.78,412.48,480.70,0.5936,0
26,43,249.62,162.90,270.77,184.88,0.7775,0
26,49,478.11,159.43,504.70,201.19,0.6782,1
26,55,154.89,130.53,181.42,165.44,0.6128,1
26,23,487.81,520.03,511.32,548.73,0.5732,0
26,75,451.54,6.81,478.28,44.36,0.8299,2
26,17,561.57,241.15,586.10,263.75,0.7793,2
26,25,391.25,262.40,415.65,295.01,0.7132,1
26,48,216.50,155.90,234.33,182.00,0.7438,0
26,78,554.50,421.24,571.72,440.37,0.6856,0
26,80,430.30,3.86,453.35,26.17,0.7768,0
26,19,44.60,1161.65,76.11,1192.00,0.6662,0
26,81,417.04,817.61,450.03,845.12,0.5374,0
26,42,422.26,520.52,451.67,550.67,0.7625,2
26,34,395.78,904.03,422.88,936.06,0.7540,0
26,73,542.81,1232.98,571.99,1279.76,0.5448,0
27,1,139.72,331.77,159.11,365.07,0.7876,0
27,2,171.28,451.84,199.10,483.23,0.8110,0
27,3,109.24,674.97,146.80,699.62,0.7516,0
27,5,462.89,788.08,501.44,825.91,0.8563,2
27,6,103.58,853.21,134.44,876.65,0.6232,0
27,8,89.67,817.57,112.35,837.75,0.6328,0
27,12,231.04,830.70,258.80,860.73,0.7153,0
27,13,444.54,1232.59,472.99,1265.79,0.7437,0
27,14,200.39,440.84,223.29,467.43,0.7210,0
27,15,511.34,514.27,547.14,550.11,0.8164,2
27,16,510.94,800.57,530.82,828.19,0.7004,0
27,18,515.33,303.94,536.87,328.54,0.6918,0
27,29,223.39,201.84,246.18,227.73,0.6310,0
27,43,248.91,172.21,270.19,194.19,0.7521,0
27,49,479.19,167.33,505.00,209.87,0.8064,1
27,55,154.52,139.85,180.57,174.05,0.6181,1
27,23,487.89,531.26,511.63,560.41,0.5119,0
27,75,452.24,12.75,478.00,52.62,0.7888,2
27,17,562.01,250.73,586.37,272.94,0.5809,2
27,25,391.07,272.71,412.66,305.93,0.5933,1
27,48,216.18,165.42,234.00,191.91,0.7573,0
27,78,554.09,433.17,571.66,452.14,0.6129,0
27,80,430.57,7.06,452.22,34.35,0.8479,0
27,19,43.09,1175.55,73.69,1206.64,0.5056,0
27,81,421.58,829.50,460.87,858.07,0.5561,1
27,42,422.38,531.71,454.14,561.86,0.7275,2
27,34,395.24,919.24,422.25,951.14,0.7683,0
27,24,540.15,294.22,567.67,317.77,0.6510,2
27,41,392.38,848.34,415.28,881.89,0.6351,2
27,52,578.00,232.15,592.25,250.84,0.5091,0
27,22,517.20,1024.33,547.54,1055.49,0.5130,2
28,1,138.41,342.63,158.38,376.77,0.8155,0
28,2,171.00,463.08,198.14,494.50,0.8283,0
28,3,108.01,688.18,146.43,712.31,0.8129,0
28,5,463.34,800.72,501.70,838.90,0.8660,2
28,6,101.92,864.15,133.37,889.81,0.5641,0
28,8,88.41,830.72,110.58,850.76,0.5169,0
28,12,229.82,843.94,258.18,873.98,0.6404,0
28,13,445.05,1247.84,473.95,1280.00,0.6821,0
28,14,199.64,452.66,222.45,478.24,0.7850,0
28,15,511.99,525.03,547.86,561.39,0.8079,2
28,16,511.17,813.99,531.57,841.90,0.7477,0
28,18,515.81,314.79,538.45,338.56,0.7715,0
28,29,223.36,212.13,245.13,237.48,0.7171,0
28,43,248.07,182.61,268.63,204.72,0.7719,0
28,49,479.23,177.17,505.03,217.70,0.7804,1
28,55,153.80,149.85,179.56,182.32,0.7898,1
28,23,488.45,543.82,511.57,571.61,0.6462,0
28,75,452.43,22.56,478.49,61.63,0.8169,2
28,17,562.20,262.43,586.06,282.89,0.5961,2
28,25,390.90,283.30,411.61,315.64,0.6388,1
28,48,216.46,174.75,233.40,201.10,0.5537,0
28,78,553.84,444.30,571.71,462.76,0.6120,0
28,80,430.66,14.29,453.08,43.78,0.8192,0
28,42,422.54,541.42,455.44,573.42,0.6093,2
28,34,394.92,933.76,421.62,965.69,0.7971,0
28,24,541.10,302.82,568.21,327.29,0.7483,2
28,41,392.14,862.86,414.82,895.31,0.5584,2
28,52,578.75,242.20,594.25,261.48,0.5311,0
28,22,517.81,1036.40,548.67,1068.82,0.5668,2
28,4,458.64,558.23,489.39,593.33,0.7771,2
28,11,366.98,473.41,415.82,504.70,0.7137,0
29,1,137.80,354.00,158.07,388.42,0.8056,0
29,2,170.59,475.33,196.09,506.05,0.8474,0
29,3,106.11,701.57,144.17,726.19,0.7966,0
29,5,463.27,813.45,501.97,852.01,0.8488,2
29,6,101.06,877.13,131.43,903.64,0.6519,0
29,8,87.47,843.93,108.15,864.22,0.6435,0
29,12,228.82,856.60,257.36,887.68,0.5461,0
29,13,443.78,1263.27,472.12,1280.00,0.5493,0
29,14,198.58,464.29,221.74,489.07,0.8123,0
29,15,512.14,536.83,548.64,573.10,0.8495,2
29,16,512.27,829.10,531.86,857.45,0.6842,0
29,18,516.10,324.29,538.72,349.08,0.7924,0
29,29,222.92,221.24,244.11,247.29,0.6388,0
29,43,248.05,192.31,268.26,214.89,0.7549,0
29,49,478.80,187.75,504.80,226.98,0.7894,1
29,55,152.18,158.55,178.36,192.40,0.7521,1
29,23,488.85,555.28,511.78,582.45,0.6812,0
29,75,451.68,31.20,478.38,70.96,0.8395,2
29,17,561.93,270.32,586.88,292.63,0.6094,2
29,25,390.70,296.66,410.97,326.22,0.6859,1
29,48,214.38,184.97,232.93,209.96,0.5549,0
29,78,554.21,456.03,571.74,474.66,0.6174,0
29,80,431.23,23.61,452.57,52.96,0.8213,0
29,42,422.73,550.48,454.26,585.03,0.5481,2
29,34,395.65,948.63,421.08,979.59,0.8130,0
29,41,391.77,876.62,415.02,907.45,0.6605,2
29,22,515.93,1052.01,549.61,1081.94,0.6993,2
29,86,499.72,34.88,525.86,67.91,0.6362,2
29,4,459.19,570.38,489.55,604.99,0.7858,2
29,11,366.68,485.65,415.30,516.49,0.7073,0
29,59,492.59,1247.38,515.56,1269.06,0.5462,0
29,19,40.11,1204.85,67.44,1236.62,0.6889,1
30,1,136.60,364.34,157.32,398.51,0.8217,0
30,2,169.50,486.86,195.10,517.56,0.8506,0
30,3,104.97,714.61,143.76,739.18,0.7316,0
30,5,463.42,825.96,501.89,865.29,0.8543,2
30,6,100.25,890.07,130.06,917.28,0.6772,0
30,8,85.94,856.75,106.49,877.38,0.5494,0
30,12,227.52,869.81,256.34,901.24,0.7546,0
30,14,197.59,475.11,220.93,500.85,0.7935,0
30,15,513.08,547.90,548.96,584.88,0.8425,2
30,16,512.14,841.87,532.42,869.53,0.7706,0
30,18,516.29,335.39,538.59,359.34,0.7532,0
30,29,222.02,230.67,243.10,257.12,0.5954,0
30,43,247.86,201.81,268.40,224.41,0.7355,0
30,49,478.15,198.27,504.59,239.16,0.7812,1
30,55,151.45,168.35,177.49,201.75,0.7073,1
30,23,489.79,566.76,512.40,592.96,0.6648,0
30,75,451.75,39.97,478.29,79.69,0.7967,2
30,17,563.12,280.93,587.84,302.74,0.6976,2
30,25,391.17,306.95,411.51,335.75,0.5663,1
30,48,213.01,195.06,232.68,219.67,0.7390,0
30,78,554.04,468.22,571.71,486.85,0.5383,0
30,80,431.78,31.59,452.56,60.83,0.8509,0
30,42,422.89,563.18,453.42,595.74,0.6033,2
30,34,395.88,964.33,420.53,993.51,0.6840,0
30,41,391.67,890.70,415.61,920.16,0.5796,2
30,22,514.28,1067.42,550.76,1096.34,0.6174,2
30,86,500.26,44.73,525.88,77.04,0.7783,1
30,4,459.80,580.31,490.15,616.53,0.8030,2
30,11,366.72,495.68,414.16,527.79,0.7413,0
30,19,38.25,1220.02,68.28,1252.19,0.5028,0
30,57,121.34,170.87,143.50,203.68,0.7081,1
30,31,363.88,257.65,386.38,283.69,0.6976,0
30,24,540.59,322.25,567.69,348.24,0.6176,1
31,1,135.32,373.35,156.86,409.54,0.8058,0
31,2,168.13,498.25,194.62,528.65,0.8179,0
31,3,103.52,728.73,141.48,755.19,0.7931,0
31,5,463.70,838.93,502.08,879.41,0.8649,2
31,6,98.38,901.02,130.37,931.30,0.5102,0
31,12,226.10,882.48,254.94,914.86,0.7793,0
31,14,197.61,486.39,220.29,512.50,0.7661,0
31,15,513.03,558.58,549.53,596.50,0.8158,2
31,16,511.93,855.05,533.16,882.91,0.7306,0
31,18,515.48,346.13,538.55,370.03,0.7707,0
31,29,221.62,240.35,242.76,266.96,0.6066,0
31,43,247.39,210.84,267.52,234.03,0.6542,0
31,49,479.00,206.08,504.78,248.74,0.7871,1
31,55,150.56,174.84,177.35,211.87,0.7002,1
31,23,489.55,578.62,513.02,604.15,0.6773,0
31,75,452.02,49.32,479.22,88.14,0.8276,2
31,17,564.18,291.17,588.31,312.77,0.5038,2
31,25,391.00,315.95,413.54,346.06,0.6157,1
31,48,212.49,205.36,232.10,229.84,0.6017,0
31,80,430.81,39.72,452.59,70.09,0.8340,0
31,34,396.01,978.69,421.37,1010.59,0.7273,0
31,22,516.92,1081.56,550.95,1111.78,0.5119,2
31,86,500.66,54.34,526.34,86.21,0.5124,2
31,4,459.66,592.38,490.48,628.45,0.8209,2
31,11,366.52,507.44,413.86,539.16,0.7232,0
31,88,518.71,1.73,552.13,24.81,0.7418,1
31,90,511.98,527.32,545.64,554.00,0.6369,1
31,31,364.44,269.45,386.31,296.06,0.6914,0
31,24,542.18,333.49,568.49,358.64,0.6149,1
31,7,191.06,872.87,228.62,914.98,0.5194,2
32,1,134.85,384.03,155.92,420.16,0.7821,0
32,2,166.85,509.81,193.57,539.41,0.8239,0
32,3,101.25,742.28,141.77,770.29,0.8217,0
32,5,464.44,852.51,502.34,892.72,0.8700,2
32,6,96.35,917.05,128.33,944.46,0.7446,0
32,12,225.09,895.44,253.68,928.65,0.7927,0
32,14,196.27,496.79,219.21,523.47,0.7753,0
32,15,512.74,570.35,549.53,608.52,0.8042,2
32,16,511.24,868.39,533.76,897.93,0.7656,0
32,18,514.66,355.48,538.71,380.46,0.5622,0
32,29,220.82,248.32,242.68,276.58,0.6292,0
32,43,246.57,220.86,266.31,244.31,0.7625,0
32,49,479.14,215.70,505.30,257.54,0.7854,1
32,23,488.62,588.27,513.53,615.81,0.7353,0
32,75,452.32,58.38,479.09,97.33,0.8462,2
32,25,390.86,324.40,411.46,356.86,0.6268,1
32,48,212.16,214.40,231.76,239.76,0.5477,0
32,80,430.78,49.31,452.99,79.76,0.8507,0
32,34,395.76,993.28,421.57,1026.82,0.7454,0
32,22,517.69,1098.62,551.11,1126.48,0.5533,2
32,86,500.26,63.57,527.18,95.38,0.6312,2
32,4,459.75,604.40,490.41,640.23,0.7879,2
32,11,366.44,519.50,411.01,548.69,0.7440,0
32,88,520.13,3.92,552.01,33.14,0.7807,1
32,31,363.12,280.38,386.45,305.26,0.7119,0
32,7,193.05,888.64,228.69,929.33,0.5580,2
32,78,555.59,491.97,572.08,509.81,0.5398,0
32,42,422.65,588.62,455.66,619.68,0.5485,2
33,1,134.26,394.40,155.42,431.07,0.8165,0
33,2,166.08,519.47,193.38,550.40,0.8248,0
33,3,100.01,755.52,139.98,783.23,0.7797,0
33,5,464.70,865.87,502.57,906.27,0.8750,2
33,6,94.95,931.39,127.68,959.00,0.6747,0
33,12,224.33,908.90,252.96,942.48,0.8016,0
33,14,195.05,507.23,218.96,534.79,0.7644,0
33,15,513.44,582.21,549.83,619.20,0.7938,2
33,16,511.51,881.37,534.28,914.08,0.7592,0
33,18,515.64,363.43,540.30,391.14,0.7529,0
33,29,219.82,259.17,241.87,287.00,0.6652,0
33,43,244.97,231.66,265.65,254.70,0.7731,0
33,49,478.99,226.52,505.33,266.28,0.7837,1
33,23,488.51,600.00,513.84,627.32,0.7303,0
33,75,451.76,67.25,479.18,107.75,0.8475,2
33,80,430.87,59.41,453.17,87.78,0.8455,0
33,34,394.19,1008.35,422.49,1042.39,0.7360,0
33,86,500.29,72.37,527.68,104.65,0.6160,1
33,4,460.07,617.02,490.15,651.94,0.8326,2
33,11,366.82,528.87,413.79,560.62,0.6800,0
33,88,522.85,7.90,553.01,41.40,0.7972,1
33,31,363.37,292.03,386.20,316.93,0.5332,0
33,7,193.83,894.15,229.12,944.50,0.5643,2
33,92,398.69,17.68,432.55,56.91,0.7837,1
33,94,417.38,911.93,446.28,945.40,0.6251,0
33,42,422.47,601.71,454.32,630.92,0.7264,2
33,20,413.64,1088.14,463.33,1135.09,0.5803,1
33,8,81.06,898.13,103.78,918.03,0.5050,0
33,55,148.23,193.10,176.32,230.70,0.7313,1
33,90,512.39,547.06,546.97,579.17,0.5427,1
33,24,542.27,352.54,569.93,380.07,0.5822,2
34,1,133.02,405.06,155.29,442.31,0.8074,0
34,2,165.21,530.23,192.41,561.05,0.8219,0
34,3,98.39,768.62,138.72,796.51,0.7016,0
34,5,465.01,878.44,502.31,920.25,0.8671,2
34,12,223.72,922.44,251.92,954.49,0.7548,0
34,14,194.50,519.23,217.91,545.46,0.6953,0
34,15,514.92,594.55,550.21,630.38,0.7977,2
34,16,512.40,895.08,534.54,928.94,0.7591,0
34,18,516.03,373.85,540.81,401.24,0.7286,0
34,29,218.49,269.60,240.60,296.92,0.5078,0
34,43,244.75,240.47,265.15,263.76,0.7431,0
34,49,478.36,237.33,505.38,276.42,0.8159,1
34,23,488.16,612.32,514.23,639.28,0.7603,0
34,75,451.96,75.87,479.21,115.59,0.8151,2
34,80,430.57,67.14,452.74,96.69,0.8309,0
34,34,394.51,1021.02,422.07,1057.52,0.7763,0
34,86,501.07,81.07,528.28,112.82,0.7879,1
34,4,460.23,628.21,489.28,663.50,0.7963,2
34,11,366.30,538.48,414.81,572.07,0.5270,0
34,88,524.50,15.56,552.99,50.21,0.8078,1
34,7,196.15,909.59,227.28,957.81,0.5679,2
34,94,417.73,929.19,445.69,958.06,0.5687,0
34,95,384.35,997.73,415.81,1023.58,0.5606,0
34,55,148.57,205.25,175.29,240.76,0.7391,1
34,90,513.45,559.57,546.90,589.10,0.6683,1
34,24,543.00,364.01,569.47,390.05,0.7716,2
34,57,115.97,210.99,138.99,240.92,0.6535,1
34,17,563.94,319.50,590.13,343.41,0.6409,2
34,25,389.80,348.52,408.62,377.82,0.5619,1
34,48,210.71,234.95,228.90,258.00,0.6213,0
34,22,519.41,1129.39,551.51,1155.20,0.5347,2
35,1,131.69,416.23,155.00,452.81,0.8005,0
35,2,164.24,541.63,191.49,572.18,0.7868,0
35,3,95.64,781.70,138.89,811.15,0.6536,0
35,5,465.24,892.06,502.67,933.68,0.8691,2
35,12,223.87,937.79,251.07,967.57,0.6587,0
35,14,194.12,530.28,217.10,555.80,0.7218,0
35,15,515.22,606.20,550.20,641.43,0.8103,2
35,16,512.78,909.47,535.64,943.15,0.7498,0
35,18,515.63,380.10,542.08,411.63,0.6992,0
35,43,244.11,249.90,264.49,273.61,0.7793,0
35,49,479.12,245.77,505.19,287.37,0.8202,1
35,23,488.27,622.85,514.49,650.13,0.6310,0
35,75,452.25,85.40,479.57,124.77,0.8507,2
35,80,430.45,75.67,452.79,106.34,0.8316,0
35,34,394.88,1035.88,421.51,1072.68,0.7876,0
35,86,501.17,89.41,528.31,121.74,0.6630,1
35,4,459.77,640.63,489.12,674.25,0.7856,2
35,88,524.20,25.53,552.70,58.40,0.7821,1
35,94,420.31,950.27,444.54,970.52,0.5525,0
35,95,383.50,1013.23,411.90,1038.45,0.7084,0
35,55,147.29,212.95,174.42,249.93,0.6937,1
35,24,544.02,374.86,569.43,399.93,0.6662,1
35,97,124.25,479.65,143.26,500.62,0.6614,0
35,17,565.24,330.30,590.06,353.01,0.5558,2
35,25,389.33,358.51,408.64,387.25,0.5535,1
35,48,209.38,244.58,227.32,268.37,0.7570,0
35,31,363.72,312.72,385.21,339.40,0.6171,0
35,92,398.28,35.42,433.70,75.39,0.6008,1
35,42,422.12,624.13,452.43,654.46,0.5593,2
36,1,130.58,427.17,153.81,465.17,0.7987,0
36,2,162.94,552.78,190.04,583.71,0.8169,0
36,3,94.43,795.30,138.55,824.22,0.5189,0
36,5,465.28,905.65,502.64,946.98,0.8698,2
36,12,223.28,950.92,250.39,982.64,0.7922,0
36,14,193.58,542.04,216.68,566.94,0.7116,0
36,15,515.12,617.20,550.39,653.28,0.8146,2
36,16,514.45,925.70,536.18,958.27,0.7218,0
36,18,516.03,390.43,541.63,422.33,0.6892,0
36,43,243.42,260.03,263.90,283.73,0.7542,0
36,49,479.51,255.80,505.45,295.83,0.8123,1
36,23,488.08,635.48,514.63,661.80,0.6688,0
36,75,451.59,94.74,479.49,134.36,0.8512,2
36,80,430.22,86.04,453.30,114.77,0.8235,0
36,34,394.82,1052.68,421.17,1088.34,0.7947,0
36,86,501.59,99.92,528.22,130.30,0.7328,2
36,4,459.71,652.19,489.08,685.79,0.7540,2
36,88,524.22,34.49,552.92,67.85,0.8128,1
36,95,383.46,1027.84,411.54,1053.36,0.6693,0
36,55,145.54,222.58,172.95,259.27,0.7887,1
36,24,543.08,384.58,569.84,410.53,0.6950,1
36,97,123.67,492.19,143.00,514.76,0.6886,0
36,17,566.25,341.96,590.57,363.45,0.5635,2
36,48,209.48,254.83,226.76,277.23,0.6989,0
36,99,515.90,67.06,538.88,87.99,0.5129,0
36,100,603.82,1065.72,629.03,1086.69,0.5823,0
36,102,546.06,497.57,565.28,519.19,0.5538,0
36,31,363.58,322.53,384.91,349.56,0.6410,0
36,92,398.55,44.06,432.27,83.75,0.7403,1
36,42,422.25,634.85,451.64,666.07,0.7703,2
36,41,390.45,972.00,416.75,1004.86,0.6363,2
36,8,75.84,938.30,98.38,958.61,0.5746,0
36,29,217.09,291.70,238.87,316.79,0.6329,0
36,11,365.20,563.04,414.25,595.18,0.5175,0
37,1,129.65,437.27,152.95,476.56,0.7726,0
37,2,161.78,564.36,188.93,595.01,0.8421,0
37,5,465.32,919.48,503.26,961.31,0.8718,2
37,12,222.51,964.95,250.08,997.10,0.7901,0
37,14,192.83,553.90,215.37,578.18,0.7581,0
37,15,514.77,628.14,550.51,664.77,0.8285,2
37,16,515.15,940.51,535.76,972.80,0.5665,0
37,18,516.14,401.23,541.63,433.00,0.5736,0
37,43,243.16,269.70,263.75,293.09,0.7446,0
37,49,479.58,266.10,505.34,304.62,0.7518,1
37,23,488.15,647.12,514.32,673.46,0.6912,0
37,75,451.47,102.85,479.77,142.77,0.8305,2
37,80,430.45,94.82,453.11,123.75,0.8621,0
37,34,394.98,1068.59,421.38,1105.16,0.7709,0
37,86,501.69,108.56,528.41,139.49,0.7456,1
37,88,523.94,44.80,553.74,76.48,0.8283,1
37,95,382.39,1042.28,408.55,1067.68,0.6922,0
37,55,144.08,232.58,172.14,268.39,0.7253,1
37,24,542.46,394.85,570.72,420.69,0.6925,1
37,97,122.66,505.01,141.23,525.71,0.5249,0
37,17,566.63,352.22,591.21,372.91,0.5204,2
37,99,516.51,75.64,540.42,97.78,0.5813,0
37,102,547.10,509.12,566.07,530.29,0.5143,0
37,31,363.29,333.49,384.18,360.28,0.5578,0
37,92,398.06,53.10,431.50,91.80,0.7828,1
37,42,422.23,646.93,453.34,677.45,0.7141,2
37,103,548.58,956.04,578.87,989.49,0.5618,1
37,105,504.29,494.19,528.10,528.12,0.6061,0
37,8,75.00,951.28,95.95,972.74,0.6309,0
37,11,364.06,575.44,413.02,607.63,0.6427,0
37,20,413.85,1150.54,463.05,1195.27,0.5948,1
37,7,198.47,953.72,224.58,997.43,0.5309,2
37,94,418.31,980.29,443.05,1003.91,0.6491,0
38,1,128.68,447.74,151.49,483.57,0.8306,0
38,2,161.00,575.47,188.08,606.41,0.8442,0
38,5,465.17,932.27,502.95,975.29,0.8546,2
38,12,221.74,979.15,249.31,1011.02,0.7912,0
38,14,191.55,565.49,214.07,589.71,0.7851,0
38,15,514.78,639.45,550.67,676.45,0.8383,2
38,16,515.31,952.03,536.13,984.37,0.6239,0
38,18,515.06,412.43,542.04,443.47,0.7190,0
38,43,242.93,280.34,263.04,303.34,0.7991,0
38,49,479.16,276.37,505.70,315.01,0.7829,1
38,23,487.97,658.21,514.36,685.17,0.6719,0
38,75,451.63,113.00,479.84,151.32,0.8512,2
38,80,430.31,103.12,453.01,132.91,0.8278,0
38,34,394.38,1084.73,421.99,1120.16,0.7529,0
38,86,501.82,116.83,528.27,148.18,0.7304,1
38,88,524.49,52.50,553.67,84.70,0.8039,1
38,95,381.32,1055.51,410.13,1082.66,0.7018,0
38,55,143.61,241.35,171.25,278.85,0.7635,1
38,24,542.61,404.93,571.42,431.48,0.6075,2
38,99,515.56,83.50,539.81,105.10,0.5025,0
38,102,545.78,521.00,566.21,541.76,0.5449,0
38,31,362.69,343.93,384.32,371.37,0.6812,0
38,92,398.47,62.28,431.37,101.79,0.5881,1
38,42,422.04,656.76,453.66,689.94,0.5872,2
38,8,73.81,964.39,94.51,985.81,0.5658,0
38,11,363.74,586.24,413.15,619.53,0.7552,0
38,94,418.83,995.19,442.44,1020.73,0.5944,0
38,52,580.34,346.26,600.96,367.67,0.5560,0
38,3,91.55,824.81,131.95,851.23,0.6209,0
38,4,459.50,673.43,490.41,709.72,0.6776,2
38,48,206.88,274.87,225.26,295.89,0.5028,0
38,29,216.48,309.85,238.17,336.73,0.8593,0
39,1,127.44,458.21,149.87,495.15,0.8382,0
39,2,160.47,586.52,187.34,617.39,0.8318,0
39,5,465.00,945.48,503.40,989.78,0.8665,2
39,12,221.07,992.86,248.51,1025.28,0.7321,0
39,14,190.44,577.59,213.15,601.37,0.7599,0
39,15,514.79,650.61,551.26,688.67,0.8310,2
39,16,514.59,965.23,536.52,998.67,0.6487,0
39,18,515.50,423.27,541.95,453.89,0.8068,0
39,43,242.47,289.83,261.43,312.51,0.6669,0
39,49,479.54,285.23,505.93,326.62,0.7912,1
39,23,487.74,670.08,514.61,696.64,0.7156,0
39,75,451.65,122.37,479.59,160.63,0.8591,2
39,80,430.48,113.34,453.41,141.67,0.8149,0
39,34,394.75,1098.80,421.88,1135.45,0.6492,0
39,86,502.30,126.29,528.64,157.97,0.7437,2
39,88,522.41,61.48,553.81,94.89,0.7692,1
39,95,381.29,1069.60,410.74,1097.94,0.6582,0
39,55,142.16,250.52,170.16,288.51,0.7184,1
39,24,543.71,415.54,571.59,441.50,0.5561,2
39,102,545.39,532.63,566.14,554.00,0.5915,0
39,31,362.64,354.16,384.54,381.57,0.5697,0
39,92,398.27,71.08,431.53,110.09,0.6922,1
39,42,421.77,668.45,453.99,702.10,0.6912,2
39,8,72.06,978.79,93.21,1000.50,0.5882,0
39,11,363.50,598.09,411.47,630.13,0.7110,0
39,94,418.78,1009.12,442.58,1035.34,0.5265,0
39,112,70.23,528.79,88.94,546.03,0.6243,0
39,113,138.88,22.26,157.71,46.50,0.6606,0
39,52,579.31,356.96,601.09,378.23,0.5785,0
39,4,459.44,686.66,490.91,721.94,0.7816,2
39,29,215.86,319.94,237.81,347.23,0.6230,0
40,1,126.43,469.34,148.74,505.60,0.8264,0
40,2,159.43,597.90,187.03,628.48,0.8126,0
40,5,465.03,958.84,504.09,1003.39,0.8589,2
40,12,219.80,1007.06,247.56,1039.04,0.7945,0
40,14,190.12,588.10,212.58,612.12,0.7747,0
40,15,515.66,662.45,551.92,700.49,0.8285,2
40,16,514.95,980.00,536.48,1013.60,0.6013,0
40,18,516.59,435.39,542.40,464.79,0.7990,0
40,43,242.55,298.76,260.75,322.00,0.6085,0
40,49,479.11,294.96,506.05,332.70,0.8197,1
40,23,487.91,681.43,514.68,708.73,0.7512,0
40,75,451.67,130.96,479.91,169.66,0.8351,2
40,80,430.51,121.00,453.77,150.49,0.8672,0
40,34,394.05,1113.06,421.90,1150.63,0.7750,0
40,86,502.74,134.65,529.46,166.57,0.6876,1
40,88,520.91,70.55,555.29,103.70,0.7919,1
40,95,381.97,1084.85,411.78,1114.67,0.6377,0
40,55,141.39,262.04,169.40,296.97,0.7710,1
40,102,546.02,542.93,565.77,564.78,0.6479,0
40,92,397.91,80.04,431.45,118.14,0.7872,1
40,42,422.73,679.01,455.35,713.69,0.6618,2
40,11,363.68,607.71,411.53,641.66,0.7582,0
40,94,418.45,1023.05,443.05,1049.88,0.5387,0
40,113,138.92,30.57,158.45,53.67,0.5054,0
40,52,580.71,367.43,601.50,389.60,0.5169,0
40,4,459.45,698.40,491.67,734.36,0.7984,2
40,29,215.69,330.60,237.12,357.05,0.6981,0
40,90,514.14,628.38,548.33,659.00,0.6000,0
40,25,388.53,413.89,406.35,441.01,0.6001,1
40,103,548.27,1000.44,580.85,1032.27,0.5809,1
40,99,514.98,99.59,541.42,123.35,0.6062,0
41,1,126.35,479.68,147.84,515.21,0.7427,0
41,2,157.90,608.83,186.38,639.39,0.8000,0
41,5,465.12,971.93,504.58,1017.01,0.8561,2
41,12,218.26,1021.20,246.06,1053.04,0.7501,0
41,14,189.41,597.13,212.21,623.87,0.7269,0
41,15,515.04,673.57,552.72,712.55,0.8213,2
41,16,514.21,993.21,537.23,1029.27,0.6260,0
41,18,516.66,438.20,543.59,475.89,0.7149,0
41,43,240.74,309.37,260.80,332.26,0.7480,0
41,49,479.44,305.45,506.22,341.64,0.8228,1
41,23,488.28,692.56,515.08,720.58,0.7805,0
41,75,452.07,140.02,480.19,178.30,0.8342,2
41,80,430.19,129.46,453.53,159.71,0.8404,0
41,34,394.01,1128.26,421.96,1166.22,0.6669,0
41,86,503.54,144.33,529.14,175.65,0.5136,1
41,88,521.04,77.91,555.46,111.16,0.8017,1
41,95,382.05,1098.11,410.63,1130.02,0.7232,0
41,55,140.91,270.31,168.85,307.12,0.7972,1
41,102,546.48,551.60,566.31,574.33,0.6302,0
41,92,398.15,88.13,430.89,128.07,0.7150,1
41,42,423.38,691.71,456.58,724.56,0.6005,2
41,11,364.03,618.14,411.23,653.57,0.7183,0
41,94,418.04,1037.69,443.20,1063.86,0.6403,0
41,113,138.83,37.05,158.10,62.48,0.5194,0
41,4,459.97,710.52,491.62,745.97,0.8091,2
41,29,214.56,340.78,236.56,366.98,0.7682,0
41,115,117.71,14.97,143.17,45.91,0.6342,2
41,90,512.82,640.66,549.21,669.56,0.7111,0
41,25,387.67,423.32,405.66,451.54,0.5312,1
41,99,514.80,108.06,541.02,130.56,0.5655,0
41,78,558.38,597.18,577.62,616.94,0.5133,0
41,100,603.36,1136.81,633.21,1159.38,0.5187,0
41,3,88.68,868.60,124.56,895.75,0.5184,0
42,1,126.03,489.32,146.51,524.97,0.7525,0
42,2,156.31,620.28,185.92,650.75,0.8250,0
42,5,465.28,984.76,504.94,1030.89,0.8554,2
42,12,216.69,1033.94,246.01,1066.35,0.7930,0
42,14,187.89,608.57,211.10,634.95,0.7457,0
42,15,515.71,685.31,553.46,723.90,0.8191,2
42,18,517.21,448.03,545.42,485.35,0.6593,0
42,43,240.39,320.69,260.42,341.16,0.6360,0
42,49,479.40,315.59,506.37,353.02,0.7990,1
42,23,488.14,704.26,515.37,732.08,0.7257,0
42,75,452.24,149.50,479.89,187.19,0.8600,2
42,80,430.40,140.00,452.69,168.63,0.8158,0
42,34,393.70,1145.22,421.63,1181.47,0.6717,0
42,86,503.59,152.75,529.33,184.95,0.5418,2
42,88,522.22,87.36,556.37,119.83,0.8101,1
42,95,381.56,1111.14,407.96,1143.62,0.7367,0
42,55,139.85,278.71,167.68,317.24,0.7972,1
42,102,546.28,562.58,566.23,584.23,0.6254,0
42,92,397.88,96.02,431.18,136.39,0.7615,1
42,42,423.26,703.68,454.65,736.33,0.5483,2
42,11,364.07,628.90,412.55,664.36,0.7252,0
42,113,138.07,45.06,157.44,70.21,0.7364,0
42,4,460.28,721.33,491.89,758.45,0.7504,2
42,29,213.41,349.90,236.06,377.22,0.7232,0
42,90,513.78,653.20,550.39,679.35,0.7077,0
42,99,515.74,116.57,542.75,138.96,0.6217,0
42,3,86.33,881.83,122.55,906.57,0.5214,0
42,57,107.98,286.38,131.79,317.30,0.5544,1
42,31,361.62,384.23,381.37,412.26,0.6186,0
42,103,550.53,1025.48,581.78,1060.54,0.6440,1
43,1,123.67,500.01,146.62,537.88,0.7864,0
43,2,155.33,632.26,184.48,662.65,0.8244,0
43,5,465.18,998.56,505.11,1044.84,0.8615,2
43,12,215.24,1048.13,244.76,1080.72,0.7303,0
43,14,186.35,619.91,210.41,645.69,0.7972,0
43,15,516.01,697.32,554.02,735.82,0.8074,2
43,18,517.75,460.16,546.47,495.91,0.6845,0
43,43,238.56,330.72,260.02,351.67,0.6113,0
43,49,479.53,325.05,506.62,365.24,0.7256,1
43,23,487.78,716.39,515.54,743.70,0.7348,0
43,75,451.95,158.20,480.17,196.48,0.8461,2
43,80,430.68,149.10,452.74,176.51,0.8728,0
43,86,504.12,161.11,530.25,193.34,0.5452,1
43,88,524.61,96.47,557.22,127.77,0.8325,1
43,95,381.09,1126.92,406.33,1159.37,0.5582,0
43,55,138.57,288.69,166.41,326.53,0.7713,1
43,92,397.79,104.38,432.16,145.04,0.7875,1
43,11,363.64,640.14,414.86,675.75,0.6870,0
43,113,138.39,52.98,155.77,78.47,0.6601,0
43,4,460.59,733.54,491.79,770.19,0.8260,2
43,90,516.19,665.79,551.49,689.93,0.6131,0
43,99,516.58,125.41,543.54,148.37,0.5994,0
43,120,213.00,12.73,247.31,42.57,0.6913,1
43,121,430.41,1044.84,462.72,1072.52,0.5939,1
43,122,118.74,1.56,148.66,22.24,0.6611,0
43,123,482.41,552.37,499.70,573.54,0.5260,0
43,103,548.83,1040.47,582.77,1075.60,0.6949,1
43,97,117.76,576.00,136.90,600.11,0.5468,0
43,17,567.78,407.14,596.99,433.76,0.5171,2
43,48,203.17,320.04,222.03,346.82,0.5271,0
43,112,67.64,573.29,84.95,592.25,0.5258,0
43,16,515.82,1024.07,538.43,1059.27,0.5552,0
43,94,418.47,1067.33,443.47,1095.01,0.5432,0
43,115,114.97,30.98,140.43,61.25,0.6930,2
43,25,387.21,442.78,405.71,473.63,0.6395,1
44,1,122.59,511.15,145.10,547.74,0.7456,0
44,2,154.51,645.02,182.62,674.46,0.8264,0
44,5,465.69,1012.80,505.19,1058.91,0.8706,2
44,12,213.22,1061.91,243.48,1094.94,0.7974,0
44,14,185.70,632.25,209.82,657.62,0.7438,0
44,15,515.54,709.79,555.00,747.33,0.7722,2
44,18,517.84,470.49,547.21,506.93,0.7509,0
44,43,238.43,339.71,259.74,362.09,0.7040,0
44,49,480.60,334.37,507.36,374.31,0.8097,1
44,23,487.34,728.08,516.84,755.45,0.6122,0
44,75,452.62,166.48,480.67,205.64,0.8459,2
44,80,430.43,157.62,453.40,185.98,0.8465,0
44,86,504.49,169.91,529.95,202.28,0.5279,1
44,88,524.51,104.80,557.07,136.43,0.8146,1
44,95,381.09,1141.79,405.78,1172.84,0.6704,0
44,55,137.84,301.51,164.94,335.59,0.7714,1
44,92,397.87,113.06,432.75,154.92,0.7666,1
44,11,362.70,652.81,411.95,687.16,0.6857,1
44,113,136.99,62.09,155.73,86.27,0.6556,0
44,4,460.46,745.69,491.83,782.67,0.6755,2
44,90,514.40,677.73,551.96,703.14,0.5794,0
44,99,517.58,134.71,542.79,157.86,0.7574,0
44,120,212.73,21.52,247.32,51.96,0.7547,1
44,121,430.29,1058.67,462.04,1086.08,0.6812,1
44,122,117.88,5.39,147.00,31.78,0.6076,1
44,103,547.50,1054.83,583.48,1089.94,0.7653,1
44,112,66.16,584.80,83.49,603.93,0.5904,0
44,16,516.39,1038.56,539.30,1073.00,0.6134,0
44,115,115.04,39.49,139.10,70.70,0.5613,2
44,25,386.87,454.84,406.17,485.14,0.6628,1
44,34,393.43,1175.80,422.02,1212.30,0.7508,0
44,102,547.15,585.20,567.06,606.07,0.6003,0
44,29,211.93,370.48,234.60,397.48,0.6673,0
45,1,121.57,522.61,143.98,559.84,0.7911,0
45,2,153.53,656.55,181.54,685.95,0.8245,0
45,5,466.20,1027.16,505.76,1073.74,0.8683,2
45,12,213.34,1076.57,242.09,1109.91,0.7292,0
45,14,185.19,644.52,208.98,669.53,0.8042,0
45,15,516.79,721.96,555.81,759.84,0.7831,2
45,18,519.43,483.74,547.68,517.64,0.8350,0
45,43,237.75,349.84,259.29,372.92,0.6956,0
45,49,480.83,345.19,508.26,384.51,0.7737,1
45,23,488.17,741.17,517.25,768.01,0.7674,0
45,75,452.71,176.51,480.78,215.00,0.8551,2
45,80,430.50,167.37,453.59,196.08,0.8421,0
45,86,504.70,179.80,530.24,211.40,0.5979,1
45,88,525.64,113.66,557.68,145.73,0.8416,1
45,55,136.88,311.96,164.22,346.00,0.7981,1
45,92,398.18,123.15,430.83,163.87,0.6189,1
45,11,362.12,665.67,411.68,699.12,0.6025,1
45,4,460.81,758.68,492.18,795.13,0.8117,2
45,99,518.50,145.52,543.19,167.07,0.6938,0
45,120,212.36,30.81,246.70,60.30,0.8282,1
45,121,430.54,1072.73,462.71,1101.18,0.5760,1
45,122,118.22,12.42,145.09,39.83,0.6794,1
45,103,548.78,1070.06,584.04,1105.89,0.6953,1
45,112,64.47,596.19,81.36,615.24,0.5283,0
45,16,517.33,1053.83,539.94,1088.65,0.5113,0
45,127,218.57,2.79,251.14,34.47,0.6375,2
45,34,393.19,1192.86,422.90,1227.80,0.7018,0
45,29,211.50,381.70,234.10,407.61,0.6634,0
45,24,549.79,477.35,575.15,505.11,0.5426,2
45,8,63.34,1062.83,81.68,1084.37,0.5250,0
46,1,120.71,533.92,142.93,571.54,0.7793,0
46,2,152.76,667.96,180.72,697.99,0.8259,0
46,5,466.61,1041.00,505.75,1088.44,0.8720,2
46,12,214.04,1091.28,241.70,1124.99,0.6888,0
46,14,184.27,656.32,208.14,681.22,0.7670,0
46,15,517.99,733.38,556.15,772.15,0.8141,2
46,18,520.12,498.94,547.65,528.01,0.8526,0
46,43,237.14,360.34,258.73,384.02,0.7206,0
46,49,480.86,355.40,508.78,395.63,0.7378,1
46,23,488.67,754.23,518.55,780.35,0.6977,0
46,75,452.48,185.67,480.72,224.75,0.8651,2
46,80,431.15,177.31,453.68,205.61,0.8355,0
46,86,505.04,188.36,531.12,220.29,0.6137,1
46,88,527.61,123.25,558.31,154.79,0.8483,1
46,55,136.04,321.57,163.78,356.53,0.8141,1
46,92,397.90,131.69,430.49,173.39,0.7903,1
46,11,362.62,677.30,411.18,712.31,0.6547,0
46,4,461.10,771.70,493.00,807.79,0.8257,2
46,99,518.98,154.52,545.07,175.53,0.6596,0
46,120,211.55,38.72,245.83,68.92,0.7430,1
46,121,430.44,1087.03,462.69,1117.61,0.7098,1
46,103,551.89,1085.64,584.65,1121.60,0.7391,1
46,112,61.91,608.36,80.11,627.30,0.6892,0
46,127,215.35,11.50,251.27,42.30,0.7435,2
46,34,393.32,1210.31,423.43,1245.65,0.5477,0
46,29,211.09,391.05,233.78,418.02,0.7074,0
46,129,362.08,677.46,412.39,711.09,0.5600,1
46,3,80.38,942.72,117.43,969.38,0.5179,0
46,57,104.34,329.24,127.26,355.64,0.5159,1
46,97,112.36,608.51,131.74,631.61,0.5011,0
46,94,416.99,1113.56,443.83,1143.86,0.6019,0
46,95,381.20,1172.41,406.53,1203.62,0.6360,0
46,113,134.68,79.04,151.70,103.21,0.6121,0
46,25,387.12,477.06,406.91,505.84,0.5942,1
47,1,119.99,545.62,142.21,582.71,0.7629,0
47,2,151.90,680.16,180.10,709.90,0.8178,0
47,5,466.91,1055.53,506.59,1104.41,0.8517,2
47,12,211.96,1106.92,241.52,1140.24,0.7545,0
47,14,184.05,668.27,207.51,693.56,0.7529,0
47,15,519.70,745.93,556.50,785.01,0.8108,2
47,18,520.34,511.01,549.81,539.25,0.8153,0
47,49,481.42,366.03,508.95,407.67,0.7447,1
47,23,488.41,765.76,518.96,793.50,0.7461,0
47,75,452.48,195.08,480.94,234.56,0.8382,2
47,80,431.67,186.31,453.91,214.34,0.8750,0
47,86,505.38,197.89,531.95,229.90,0.6685,1
47,88,525.93,132.69,558.85,163.85,0.7997,1
47,55,135.73,330.54,163.95,367.68,0.6995,1
47,92,398.31,141.16,430.68,183.24,0.7889,1
47,11,362.31,689.98,411.08,724.36,0.6175,0
47,4,461.62,785.00,493.25,820.48,0.8387,2
47,99,518.59,163.59,545.41,185.42,0.7177,0
47,120,211.19,47.36,244.88,77.98,0.7185,1
47,121,430.58,1101.51,463.57,1133.42,0.6248,1
47,103,550.62,1101.26,585.57,1137.27,0.7033,1
47,112,60.26,621.03,79.27,640.20,0.6196,0
47,127,213.65,20.73,250.05,48.81,0.5838,2
47,29,210.44,400.64,233.73,428.66,0.7154,0
47,130,154.75,549.06,176.09,570.80,0.5563,0
47,3,80.04,958.25,116.89,991.79,0.5074,0
47,97,111.96,620.51,131.61,642.82,0.5755,0
47,94,415.72,1128.38,444.66,1162.22,0.5124,0
47,95,381.14,1188.78,407.21,1220.24,0.5669,0
47,113,133.54,88.63,150.05,112.03,0.5804,0
47,25,387.38,487.95,406.75,517.34,0.5285,1
47,52,591.51,441.61,608.17,464.81,0.5111,0
47,48,200.63,361.62,222.05,387.56,0.5115,0
47,90,518.35,714.36,552.60,737.62,0.6119,0
47,122,115.52,28.44,143.55,57.64,0.6771,0
47,16,518.13,1080.51,540.26,1118.90,0.6241,0
48,1,118.80,556.97,141.94,597.58,0.7463,0
48,2,150.80,692.17,179.58,722.07,0.8140,0
48,5,466.74,1070.54,509.02,1119.18,0.8541,2
48,12,211.02,1124.28,241.05,1155.51,0.7061,0
48,14,183.15,680.53,207.02,705.74,0.7503,0
48,15,521.67,759.27,557.32,798.77,0.8086,2
48,18,520.11,518.30,551.14,550.22,0.7166,0
48,49,481.48,376.72,509.21,418.09,0.7388,1
48,23,489.48,779.33,520.06,806.82,0.7694,0
48,75,453.10,204.48,481.65,244.05,0.8508,2
48,80,431.50,194.21,454.39,224.30,0.8686,0
48,86,505.91,206.83,532.49,239.88,0.6046,2
48,88,525.64,141.09,559.74,173.37,0.8088,1
48,55,135.53,343.87,163.22,377.62,0.5055,1
48,92,398.12,151.85,433.39,192.60,0.8166,1
48,4,461.87,798.06,494.91,832.93,0.8001,2
48,99,519.10,173.07,546.33,195.44,0.7085,0
48,120,211.08,57.06,244.61,86.34,0.8114,1
48,103,551.26,1116.01,586.24,1152.82,0.7337,1
48,112,59.00,634.04,78.94,651.41,0.6624,0
48,127,210.53,28.76,249.24,59.88,0.7126,2
48,95,380.49,1203.80,407.72,1235.59,0.6249,0
48,113,132.80,97.51,148.45,121.66,0.5095,0
48,132,102.37,949.30,126.35,977.86,0.5964,0
48,122,114.77,37.24,143.06,65.54,0.5435,0
48,16,519.93,1096.58,542.82,1133.64,0.6187,0
48,7,188.90,1111.40,215.60,1156.51,0.5602,1
48,100,614.21,1241.56,641.66,1267.05,0.6819,0
48,42,422.95,780.02,458.83,812.19,0.5071,1
48,31,360.09,449.28,382.19,479.70,0.5865,0
48,24,551.80,512.80,576.39,537.85,0.5655,2
48,43,236.51,381.35,258.09,404.30,0.5941,0
48,34,394.12,1241.19,424.91,1279.13,0.7784,0
49,1,117.67,568.65,144.88,613.25,0.7371,0
49,2,150.17,704.45,178.82,734.78,0.7756,0
49,5,467.17,1084.59,509.22,1133.72,0.8548,2
49,12,210.02,1138.08,241.33,1170.93,0.7590,0
49,14,181.91,693.08,205.80,718.23,0.7226,0
49,15,523.60,772.12,558.33,811.29,0.7962,2
49,18,520.47,529.91,551.34,561.19,0.6830,0
49,23,490.32,793.35,520.85,820.32,0.8080,0
49,75,453.79,214.60,481.86,253.43,0.8553,2
49,80,432.38,204.72,454.37,234.58,0.8686,0
49,88,528.73,150.72,560.21,182.73,0.8404,1
49,55,135.19,351.79,162.48,388.06,0.6102,1
49,92,398.06,161.47,432.95,202.38,0.7711,1
49,4,461.96,811.47,495.48,846.58,0.8199,2
49,120,210.65,66.05,244.82,95.79,0.7292,1
49,103,552.26,1130.64,587.15,1166.80,0.7091,1
49,112,58.16,646.34,77.78,663.66,0.6394,0
49,127,207.30,37.54,249.36,67.83,0.7489,2
49,95,381.23,1219.37,406.49,1250.71,0.5177,0
49,113,132.26,105.36,148.21,130.32,0.5904,0
49,122,113.47,46.33,143.10,74.35,0.5493,0
49,16,520.92,1112.48,544.34,1149.43,0.6948,0
49,31,360.00,460.76,382.70,491.75,0.5369,0
49,24,552.88,524.00,578.09,547.98,0.6244,2
49,43,236.51,392.05,258.02,414.85,0.6221,0
49,123,482.31,621.55,501.50,639.93,0.5101,0
49,115,107.67,84.13,136.43,112.15,0.6219,2
49,29,209.19,423.97,232.33,450.33,0.6826,0
49,97,110.10,644.66,130.31,666.86,0.5676,0
50,1,116.57,579.95,143.68,626.31,0.7437,0
50,2,149.22,717.19,178.37,746.99,0.8373,0
50,5,467.60,1099.10,509.16,1148.01,0.8630,2
50,12,210.43,1150.88,240.82,1185.60,0.7155,0
50,14,181.31,705.91,204.92,730.84,0.7848,0
50,15,523.50,785.17,560.01,824.64,0.7925,2
50,18,522.19,542.92,550.95,571.55,0.6202,0
50,23,490.53,805.68,521.30,832.49,0.7265,0
50,75,454.03,224.41,481.95,263.87,0.8558,2
50,80,432.06,214.90,454.60,244.28,0.8563,0
50,88,529.25,160.05,561.17,192.58,0.8394,1
50,55,133.56,361.43,161.81,398.85,0.7325,1
50,92,398.09,169.66,431.76,211.68,0.7927,1
50,4,462.21,825.61,495.80,860.56,0.8206,2
50,120,210.44,76.40,244.43,105.43,0.6602,1
50,103,554.43,1145.79,588.42,1183.59,0.7124,1
50,112,57.39,659.14,76.71,676.92,0.5926,0
50,127,209.40,46.69,248.98,74.99,0.5323,2
50,113,131.01,114.56,147.99,139.52,0.6649,0
50,122,113.20,54.42,142.70,83.70,0.6094,0
50,16,520.42,1128.90,545.13,1163.16,0.7232,0
50,24,554.94,535.33,579.00,559.26,0.6509,2
50,43,235.90,402.63,257.81,425.63,0.6898,0
50,29,208.85,435.39,231.59,461.28,0.7152,0
50,41,390.07,1175.06,430.99,1213.90,0.6189,2
50,130,153.86,581.21,174.50,602.70,0.6886,0
50,25,388.39,518.58,408.45,551.53,0.5316,1
50,48,199.25,396.03,218.86,420.14,0.5752,0
50,49,483.32,397.61,510.00,436.96,0.6553,1
50,86,506.61,225.95,533.74,259.18,0.6414,1
50,99,519.74,191.63,546.24,213.58,0.6123,0
51,1,115.26,591.40,142.10,637.83,0.7782,0
51,2,148.91,730.19,177.53,760.12,0.8411,0
51,5,468.87,1114.28,510.25,1162.58,0.8673,2
51,12,211.39,1164.99,240.13,1202.11,0.7259,0
51,14,180.70,718.90,204.42,743.54,0.7959,0
51,15,524.17,798.75,560.93,838.08,0.7575,2
51,18,522.87,558.08,549.47,582.57,0.5830,0
51,23,490.96,819.80,521.30,845.96,0.8204,0
51,75,453.90,233.75,482.25,274.32,0.8590,2
51,80,433.14,225.37,454.97,253.95,0.8406,0
51,88,528.17,169.35,561.92,201.47,0.8243,1
51,55,132.86,374.20,161.07,410.10,0.7148,1
51,92,398.29,180.18,431.35,222.37,0.7788,1
51,4,462.96,838.93,495.72,873.20,0.8075,2
51,120,210.44,84.22,243.75,113.76,0.7214,1
51,103,555.10,1161.74,589.55,1199.13,0.7620,1
51,112,56.45,672.47,75.79,690.47,0.5249,0
51,127,208.94,54.76,248.56,86.75,0.6606,2
51,113,129.82,124.98,146.27,148.67,0.7291,0
51,122,112.85,63.18,141.84,91.44,0.7073,0
51,24,554.80,546.86,578.89,570.25,0.5751,2
51,43,235.26,414.92,257.58,437.10,0.7544,0
51,29,208.06,446.80,231.88,472.08,0.6556,0
51,138,207.14,17.84,233.52,52.15,0.6356,0
51,41,390.15,1190.32,429.81,1230.95,0.6257,2
51,130,153.70,592.80,175.19,616.04,0.5965,0
51,25,388.28,530.16,408.86,562.92,0.6600,1
51,49,484.03,409.86,511.20,445.88,0.7002,1
51,86,506.90,236.47,534.25,268.81,0.6997,1
51,99,521.73,200.76,547.80,224.25,0.5276,0
51,57,99.78,378.16,122.12,407.70,0.5206,1
51,11,362.36,739.26,412.26,775.22,0.5146,0
51,42,423.16,818.14,456.62,851.72,0.5671,2
51,123,484.23,645.53,503.47,665.52,0.5848,0
51,115,108.42,104.43,134.53,131.34,0.5260,2
52,1,114.42,603.14,140.44,649.59,0.7357,0
52,2,148.39,743.22,177.12,773.29,0.8394,0
52,5,470.10,1128.74,510.07,1178.70,0.8753,2
52,12,211.37,1179.56,240.08,1218.14,0.7305,0
52,14,180.06,731.78,204.27,756.30,0.7864,0
52,15,523.64,812.28,561.94,851.50,0.8025,2
52,23,492.00,833.09,521.76,859.31,0.8279,0
52,75,453.94,244.19,482.93,284.05,0.8440,2
52,80,432.94,234.53,454.96,263.60,0.8765,0
52,88,528.60,180.12,562.01,211.49,0.8133,1
52,55,132.44,384.50,160.61,420.51,0.7126,1
52,92,398.62,191.48,432.11,232.87,0.8354,1
52,4,463.23,852.53,496.36,887.42,0.8265,2
52,120,210.37,94.55,243.50,123.27,0.8090,1
52,103,556.04,1176.33,590.76,1217.19,0.5442,1
52,127,209.30,64.45,247.92,95.68,0.8068,2
52,113,128.31,134.37,146.09,157.91,0.6385,0
52,122,111.81,73.41,139.95,100.14,0.7744,0
52,24,555.80,558.84,578.77,582.56,0.6035,2
52,43,234.94,426.15,257.02,448.75,0.7413,0
52,29,207.60,457.90,231.58,483.85,0.7521,0
52,138,208.23,29.69,233.45,61.46,0.5224,0
52,41,389.71,1206.55,437.07,1246.99,0.5925,2
52,25,388.70,542.32,408.84,574.48,0.6966,1
52,49,485.00,421.83,510.95,457.51,0.7156,1
52,86,506.89,247.09,534.96,279.36,0.5739,2
52,141,556.78,457.05,577.19,475.29,0.6102,0
52,11,362.06,752.57,414.33,787.70,0.5435,1
52,42,422.87,831.09,458.96,864.59,0.5348,2
52,123,484.63,657.60,504.11,678.23,0.6671,0
52,115,107.94,112.26,136.64,139.51,0.6899,2
52,121,432.68,1176.72,464.77,1210.67,0.5545,1
53,1,113.74,615.13,138.68,660.28,0.7591,0
53,2,147.75,756.20,176.42,785.60,0.8397,0
53,5,470.42,1144.63,511.18,1194.44,0.8336,2
53,12,211.21,1196.72,239.13,1234.18,0.7249,0
53,14,179.57,745.01,203.35,769.14,0.8029,0
53,15,524.05,826.28,562.29,865.13,0.8016,2
53,23,493.27,847.52,522.93,873.71,0.7706,0
53,75,454.37,254.71,484.18,293.43,0.8633,2
53,80,433.30,244.65,455.69,274.18,0.8916,0
53,88,529.66,189.98,562.43,222.11,0.7822,1
53,55,132.48,397.50,159.81,431.42,0.7820,1
53,92,399.01,201.54,433.57,242.29,0.8267,1
53,4,463.94,867.54,496.69,901.49,0.8316,2
53,120,209.79,103.97,243.50,133.05,0.7308,1
53,103,557.23,1192.14,591.42,1230.85,0.7307,1
53,127,209.31,73.86,248.22,104.74,0.7917,2
53,113,127.65,143.18,146.68,167.43,0.6038,0
53,122,111.16,84.53,139.06,109.38,0.7958,0
53,24,557.37,571.08,580.26,594.86,0.6841,2
53,43,234.72,437.20,256.61,460.15,0.7632,0
53,29,207.73,469.45,231.45,495.19,0.6842,0
53,138,205.07,38.24,232.64,69.47,0.6528,0
53,41,390.24,1222.91,431.93,1262.73,0.7041,2
53,25,389.51,550.40,411.00,585.39,0.7695,1
53,141,557.38,469.72,578.37,487.11,0.5995,0
53,11,361.89,765.20,416.26,801.45,0.5858,1
53,42,423.60,845.27,459.49,878.85,0.6891,2
53,123,484.65,670.44,505.62,690.31,0.7301,0
53,115,107.77,121.14,135.02,149.29,0.6879,2
53,142,161.07,132.32,180.91,160.14,0.6675,0
53,94,419.76,1228.03,447.14,1258.98,0.7236,0
53,16,524.29,1180.62,549.12,1211.45,0.6139,0
53,18,523.55,582.50,550.10,607.56,0.7131,0
53,112,53.10,699.03,72.65,717.49,0.5436,0
54,1,113.62,627.44,137.49,672.37,0.7550,0
54,2,147.55,769.04,175.77,798.23,0.8297,0
54,5,470.69,1159.31,512.16,1210.24,0.8536,2
54,12,212.30,1212.29,239.22,1250.25,0.5096,0
54,14,178.09,757.70,203.03,781.89,0.8328,0
54,15,524.59,839.49,562.83,879.30,0.8348,2
54,23,494.35,862.27,523.65,887.86,0.7635,0
54,75,454.58,265.49,484.66,303.28,0.8468,2
54,80,434.07,255.31,456.29,285.29,0.8632,0
54,88,529.62,199.52,563.58,231.80,0.8196,1
54,55,131.35,408.05,158.33,442.45,0.7947,1
54,92,399.52,211.02,431.54,252.99,0.7466,1
54,4,465.13,882.13,497.45,915.11,0.8331,2
54,120,209.37,113.18,242.98,142.24,0.7011,1
54,103,557.46,1208.06,593.19,1249.07,0.7774,1
54,113,127.16,153.07,147.41,176.54,0.6149,0
54,122,110.50,93.00,138.92,119.15,0.7792,0
54,24,557.28,580.85,580.55,607.34,0.6664,2
54,43,234.83,449.07,256.72,471.68,0.6805,0
54,29,206.91,479.95,231.15,506.41,0.6958,0
54,138,206.19,46.77,232.48,76.93,0.5157,0
54,41,390.99,1238.73,428.55,1277.76,0.7243,2
54,25,389.83,563.19,410.34,597.49,0.7404,1
54,141,557.74,481.39,579.34,499.63,0.5834,0
54,11,362.52,778.20,416.66,815.36,0.6729,1
54,42,424.05,859.97,459.68,893.31,0.7238,2
54,123,484.43,683.30,506.30,702.58,0.7397,0
54,115,107.88,131.72,132.22,159.20,0.6729,2
54,142,160.60,144.12,180.58,170.00,0.5842,0
54,94,420.89,1244.46,447.95,1277.21,0.7968,0
54,16,524.54,1194.46,550.18,1229.08,0.7358,0
54,18,524.73,593.34,551.87,619.52,0.5546,0
54,112,52.47,712.76,72.37,731.53,0.6118,0
54,102,551.11,701.81,575.39,726.15,0.5934,0
54,90,532.33,802.67,557.78,825.57,0.7030,0
54,99,522.40,232.49,549.43,254.85,0.6569,0
54,57,96.44,410.94,121.73,442.01,0.7030,1
54,86,507.77,265.96,535.72,299.64,0.6026,2
54,121,434.99,1206.64,465.72,1244.65,0.5119,1
55,1,113.22,639.60,136.52,683.31,0.7539,0
55,2,146.90,782.36,175.35,812.21,0.8292,0
55,5,471.36,1174.45,513.83,1228.05,0.8560,2
55,14,177.31,770.89,202.47,795.40,0.7980,0
55,15,524.36,852.50,563.73,893.38,0.7937,2
55,23,494.34,875.68,524.19,901.30,0.7344,0
55,75,454.77,275.95,485.38,313.90,0.8409,2
55,80,434.50,266.12,456.85,295.34,0.8251,0
55,88,528.90,208.32,564.50,242.01,0.8252,1
55,55,130.05,418.96,158.23,453.62,0.7690,1
55,92,398.91,220.78,432.96,263.14,0.7784,1
55,4,465.74,895.62,498.23,928.72,0.7983,2
55,120,208.33,121.92,242.67,151.63,0.7951,1
55,103,557.98,1223.46,594.43,1263.54,0.8022,1
55,113,126.20,163.05,146.87,186.51,0.6709,0
55,122,109.52,101.21,138.47,128.26,0.7641,0
55,24,558.54,591.01,582.73,619.69,0.5829,2
55,43,234.50,459.85,256.89,481.93,0.7115,0
55,29,206.38,490.11,231.04,518.30,0.6472,0
55,138,205.99,55.83,232.87,88.70,0.7744,0
55,41,391.26,1254.28,427.98,1280.00,0.6350,2
55,25,389.86,575.83,411.44,609.28,0.6777,1
55,141,558.06,492.88,580.13,511.00,0.5649,0
55,11,362.30,791.13,417.39,828.59,0.5594,1
55,42,424.21,875.22,460.85,907.78,0.7321,2
55,123,485.30,695.64,506.51,714.91,0.6952,0
55,115,107.62,141.35,131.17,168.78,0.6039,2
55,16,525.75,1210.59,552.62,1247.09,0.7340,0
55,18,525.23,603.34,555.40,632.20,0.6577,0
55,112,52.06,726.65,72.16,745.92,0.5270,0
55,102,553.10,715.05,577.03,738.51,0.5491,0
55,57,95.88,421.80,121.63,453.13,0.5633,1
55,86,508.22,277.28,536.59,310.13,0.7957,2
55,127,209.16,91.68,247.83,124.46,0.5922,2
56,1,113.28,651.30,135.78,691.59,0.7677,0
56,2,145.85,795.04,175.14,825.05,0.8216,0
56,5,471.78,1188.71,515.30,1244.48,0.8689,2
56,14,176.93,782.95,202.17,808.44,0.8122,0
56,15,523.77,865.58,564.97,906.81,0.8252,2
56,23,496.29,888.69,524.82,914.75,0.7258,0
56,75,455.35,286.19,485.77,325.59,0.8545,2
56,80,434.72,277.51,457.00,305.93,0.7758,0
56,88,528.46,218.00,566.23,252.56,0.8178,1
56,55,129.60,430.17,157.90,464.66,0.7171,1
56,92,399.45,231.40,433.55,271.84,0.8028,1
56,4,465.58,906.75,499.50,942.00,0.6340,2
56,120,207.56,131.99,242.57,161.22,0.7334,1
56,103,558.92,1238.13,596.04,1277.66,0.7234,1
56,113,125.73,172.02,146.58,195.68,0.6617,0
56,122,108.55,111.30,137.77,137.55,0.7773,0
56,43,234.51,470.94,256.94,493.35,0.6669,0
56,138,206.67,63.99,232.23,101.16,0.7318,0
56,25,390.09,585.17,413.98,620.90,0.7846,1
56,141,558.44,504.44,579.90,523.20,0.6807,0
56,11,362.30,805.54,417.57,841.18,0.6804,1
56,42,424.33,889.86,462.51,921.84,0.7450,2
56,123,486.70,707.99,507.07,727.58,0.6572,0
56,115,104.98,150.00,130.25,178.00,0.5437,2
56,16,527.57,1225.52,552.34,1263.03,0.6304,0
56,18,525.62,611.75,558.73,643.70,0.5441,0
56,102,553.80,727.51,577.86,750.76,0.5680,0
56,86,508.97,288.02,537.00,320.34,0.8030,2
56,127,208.93,101.70,247.85,132.50,0.8081,2
56,121,435.14,1239.01,468.15,1276.46,0.5833,1
57,1,113.10,663.49,136.10,708.77,0.7909,0
57,2,145.12,807.96,174.30,837.87,0.8137,0
57,5,472.17,1204.86,515.90,1259.69,0.8752,2
57,14,176.79,795.10,201.85,822.02,0.8139,0
57,15,525.43,878.59,566.51,920.40,0.8388,2
57,23,496.58,901.60,526.17,927.97,0.7297,0
57,75,455.83,295.12,486.17,335.92,0.8451,2
57,80,434.60,287.12,457.42,315.78,0.8516,0
57,88,529.40,228.15,566.56,262.61,0.8212,1
57,55,129.38,439.80,157.04,475.43,0.6386,1
57,92,400.02,242.11,433.26,282.06,0.7948,1
57,4,466.54,921.50,499.83,955.47,0.5313,1
57,120,207.17,141.01,243.35,170.62,0.6811,1
57,103,558.23,1254.37,596.24,1280.00,0.5196,1
57,113,125.85,181.57,146.82,206.27,0.7001,0
57,122,107.72,121.09,137.59,147.26,0.7355,0
57,138,206.02,73.87,232.46,109.55,0.7719,0
57,25,390.56,596.65,412.94,632.96,0.7793,1
57,141,558.34,514.94,580.49,533.02,0.5709,0
57,11,362.51,819.18,418.22,854.42,0.5872,1
57,123,487.49,719.54,508.32,739.93,0.6773,0
57,115,105.11,158.95,129.09,187.80,0.5985,2
57,18,527.31,621.33,560.67,654.72,0.6506,0
57,102,554.80,739.98,578.70,762.95,0.5949,0
57,86,509.59,297.12,537.22,330.81,0.7117,2
57,127,210.08,111.20,247.61,141.10,0.6383,2
57,121,435.21,1254.47,467.63,1280.00,0.6240,1
57,49,486.12,476.69,515.18,517.01,0.7217,1
57,142,158.84,171.39,178.81,199.08,0.6049,0
57,24,559.63,612.44,585.23,641.86,0.5961,2
57,112,51.00,750.91,69.99,769.64,0.5137,0
57,57,95.22,443.09,119.78,474.86,0.6512,1
58,1,113.26,676.26,134.28,713.05,0.7628,0
58,2,144.38,821.13,173.64,850.61,0.8206,0
58,5,472.93,1221.04,517.49,1276.85,0.8433,2
58,14,176.27,807.30,201.20,834.53,0.8271,0
58,15,526.63,891.92,568.22,932.94,0.8350,2
58,23,496.02,915.00,527.45,941.32,0.6703,0
58,75,455.94,306.37,487.02,345.52,0.8480,2
58,80,434.89,296.13,458.02,325.45,0.8555,0
58,88,531.32,238.35,567.69,272.95,0.8175,1
58,55,129.26,450.64,156.99,487.70,0.7754,1
58,4,467.30,934.75,500.86,969.79,0.6684,1
58,120,207.02,150.98,242.75,180.76,0.7658,1
58,113,125.68,190.97,146.42,216.58,0.6966,0
58,122,106.86,129.86,137.41,157.20,0.7617,0
58,138,206.67,82.81,232.46,118.27,0.7095,0
58,25,391.02,608.77,412.78,645.54,0.7829,1
58,141,558.94,526.60,580.43,544.56,0.5818,0
58,11,363.32,833.19,417.15,868.49,0.6020,1
58,123,488.52,732.32,509.43,752.25,0.6999,0
58,115,104.69,169.38,129.46,197.47,0.5335,2
58,18,528.77,634.28,561.97,667.05,0.6579,0
58,102,553.79,752.89,579.67,775.31,0.6291,0
58,86,509.75,307.81,538.08,340.40,0.7089,2
58,49,486.61,487.66,515.75,526.03,0.7370,1
58,24,559.49,623.56,585.90,653.69,0.5614,1
58,29,205.76,525.19,230.76,553.14,0.6169,0
58,43,234.25,492.82,257.03,515.95,0.6570,0
59,1,112.99,688.97,133.36,723.48,0.7303,0
59,2,143.41,834.49,172.63,863.82,0.8327,0
59,5,474.00,1237.06,517.68,1280.00,0.8113,2
59,14,175.68,820.52,200.48,847.79,0.8321,0
59,15,528.21,905.51,568.78,946.11,0.8060,2
59,23,496.41,929.41,528.31,954.33,0.6746,0
59,75,456.40,318.14,487.24,356.39,0.8474,2
59,80,435.30,306.20,458.46,336.46,0.7667,0
59,88,532.42,248.52,569.10,282.23,0.7725,1
59,55,128.25,463.02,156.63,499.35,0.7710,1
59,4,467.61,950.39,501.55,984.43,0.7980,2
59,120,206.81,160.50,242.46,190.06,0.7996,1
59,113,125.30,200.29,146.11,226.38,0.6388,0
59,122,106.06,138.99,136.76,166.24,0.7117,0
59,138,207.90,92.05,232.36,129.55,0.7056,0
59,25,391.17,619.58,414.97,657.11,0.8234,1
59,11,364.09,846.85,415.31,882.95,0.7100,0
59,123,489.47,745.17,509.93,765.19,0.5770,0
59,18,529.82,647.17,562.75,679.07,0.6967,0
59,102,555.73,765.70,581.03,787.61,0.6555,0
59,86,510.71,318.90,539.29,351.48,0.7371,2
59,49,486.69,499.45,516.15,536.48,0.7797,1
59,29,205.62,537.69,231.02,565.05,0.5592,0
59,43,234.47,503.17,256.43,527.74,0.6765,0
59,78,574.63,833.32,593.44,851.72,0.5050,0
59,48,196.69,499.33,215.14,519.32,0.5060,0
59,130,145.84,689.32,170.85,715.61,0.5191,0
59,42,426.86,930.07,463.79,963.65,0.5147,0
59,92,401.13,262.27,433.48,302.91,0.7754,1
59,127,208.85,129.37,247.71,162.90,0.6656,2
59,112,46.84,776.34,66.50,797.24,0.5282,0
60,1,112.06,701.65,132.95,735.38,0.7438,0
60,2,142.58,847.91,171.61,877.19,0.8232,0
60,5,474.13,1252.70,518.34,1280.00,0.7174,2
60,14,174.77,833.50,199.86,860.92,0.8202,0
60,15,532.79,919.67,568.65,960.55,0.8215,2
60,75,456.91,329.47,487.39,368.18,0.8459,2
60,80,435.38,317.25,458.67,347.78,0.7121,0
60,88,533.90,258.31,569.30,291.70,0.5101,1
60,55,127.92,477.60,155.15,510.98,0.8266,1
60,4,468.07,964.00,501.55,997.75,0.5642,1
60,120,205.32,170.78,242.19,199.66,0.7838,1
60,113,124.96,209.60,145.55,235.77,0.7608,0
60,122,105.84,149.00,136.47,175.28,0.6650,0
60,138,207.50,103.67,232.64,138.80,0.5736,0
60,25,391.27,632.53,413.93,670.13,0.7791,1
60,11,364.31,860.75,414.29,897.45,0.6362,0
60,123,489.40,757.25,510.38,777.90,0.7759,0
60,18,529.42,660.95,563.73,691.02,0.7524,0
60,86,511.66,329.52,540.37,362.45,0.8285,2
60,49,487.10,511.67,516.29,547.73,0.7846,1
60,29,205.30,549.87,230.51,576.88,0.6873,0
60,43,234.08,515.42,256.46,539.74,0.6843,0
60,48,196.32,510.89,214.45,531.20,0.6121,0
60,92,400.41,273.54,433.56,314.25,0.5182,1
60,127,207.07,139.61,247.56,170.98,0.8100,2
60,142,158.01,202.09,177.29,228.73,0.5911,0
60,57,93.57,481.13,117.43,509.14,0.5091,0
60,115,101.81,187.93,128.54,216.74,0.6358,2
60,24,560.42,650.07,587.47,676.55,0.5650,1
61,1,110.44,714.40,132.11,748.10,0.7530,0
61,2,141.36,861.06,170.59,890.72,0.7779,0
61,14,174.63,847.15,199.48,874.00,0.7811,0
61,15,534.75,933.39,569.09,974.78,0.8210,2
61,75,457.10,340.33,487.98,379.11,0.8400,2
61,80,435.69,329.32,458.17,358.70,0.7566,0
61,88,535.17,269.34,569.15,301.91,0.6116,1
61,55,127.26,489.75,155.13,522.14,0.8223,1
61,4,468.10,978.69,501.86,1012.74,0.8390,2
61,120,204.68,180.98,243.01,210.08,0.6900,1
61,113,124.81,219.52,144.54,246.29,0.7689,0
61,25,391.18,645.16,414.49,680.95,0.7764,1
61,11,364.31,875.44,414.08,912.10,0.6696,0
61,123,489.91,770.64,510.95,790.87,0.7719,0
61,18,531.31,675.02,563.03,704.04,0.7351,0
61,86,511.97,340.63,541.21,373.42,0.8024,2
61,49,487.88,523.83,516.72,558.45,0.7375,1
61,29,205.58,562.23,230.30,588.43,0.6352,0
61,43,233.73,527.26,255.78,551.62,0.7548,0
61,48,196.15,522.82,213.86,543.13,0.6092,0
61,92,401.39,284.01,434.63,325.17,0.8121,1
61,127,208.93,149.90,247.57,179.70,0.7128,2
61,148,207.30,109.80,232.29,129.08,0.5932,0
61,57,92.50,494.45,115.51,519.91,0.5739,1
61,115,101.61,198.41,127.72,227.28,0.6198,2
61,24,563.16,661.59,588.43,688.96,0.5316,1
61,23,497.51,957.32,530.00,982.35,0.5133,0
61,102,557.62,792.18,583.38,812.76,0.5425,0
62,1,109.10,726.63,131.49,760.90,0.7461,0
62,2,140.69,873.61,169.73,904.21,0.8157,0
62,14,173.77,861.01,198.65,887.56,0.7595,0
62,15,536.92,947.64,569.70,988.56,0.8044,2
62,75,457.65,349.57,488.12,390.55,0.8426,2
62,80,436.01,341.71,458.06,369.42,0.6858,0
62,88,532.88,280.07,570.58,313.83,0.7373,1
62,55,127.02,501.71,154.80,533.87,0.8133,1
62,4,468.00,991.90,502.00,1027.25,0.7517,2
62,120,204.97,190.90,243.04,220.25,0.6590,1
62,113,124.32,230.01,145.27,257.41,0.8060,0
62,25,391.29,658.55,416.28,693.38,0.8072,1
62,123,489.09,783.62,511.70,803.81,0.7577,0
62,18,532.30,689.71,562.33,716.88,0.7020,0
62,86,512.04,351.25,541.68,384.40,0.6288,2
62,49,488.08,536.52,516.95,572.44,0.7165,1
62,29,205.04,574.04,229.35,600.41,0.6694,0
62,43,233.91,540.03,255.04,563.68,0.7547,0
62,92,401.91,295.33,435.38,335.39,0.7212,1
62,127,208.38,160.57,247.47,189.50,0.6723,2
62,115,101.08,208.59,126.74,237.86,0.5797,2
62,24,562.13,672.72,588.76,700.76,0.5613,1
62,151,499.31,3.35,524.46,35.31,0.6094,0
62,23,498.93,970.98,530.50,996.66,0.5339,0
62,102,558.10,804.08,583.87,825.89,0.7002,0
62,52,602.92,621.79,621.19,643.15,0.5029,0
62,99,526.05,313.08,554.90,339.53,0.5877,0
62,78,577.14,876.25,596.67,893.69,0.6481,0
62,122,104.06,168.16,135.91,195.98,0.7555,0
63,1,108.14,739.04,130.96,774.18,0.7420,0
63,2,139.84,888.39,169.18,917.92,0.7916,0
63,14,173.30,875.26,197.80,901.30,0.8117,0
63,15,538.80,961.00,569.94,1002.25,0.8092,2
63,75,458.01,359.80,488.34,401.40,0.8505,2
63,80,436.18,353.24,458.27,380.28,0.7592,0
63,88,535.37,289.91,570.87,324.47,0.6360,1
63,55,126.33,513.45,154.03,545.84,0.7899,1
63,4,467.89,1004.27,502.59,1040.89,0.6206,2
63,120,204.96,200.54,242.32,230.99,0.7794,1
63,113,124.21,240.46,144.27,266.35,0.6800,0
63,25,390.95,667.89,416.92,705.50,0.7820,1
63,123,489.82,797.33,512.09,817.47,0.6041,0
63,49,487.65,548.05,517.45,585.43,0.8088,1
63,43,233.33,551.93,254.70,575.39,0.6993,0
63,92,401.15,305.91,435.00,346.47,0.5271,1
63,127,207.60,169.84,247.75,202.67,0.6993,2
63,115,101.14,219.12,127.01,247.93,0.5182,2
63,151,499.99,10.07,525.36,45.07,0.7379,0
63,23,498.20,982.97,530.97,1010.87,0.6209,0
63,102,557.85,816.70,584.14,839.30,0.7255,0
63,154,459.46,4.06,478.21,28.45,0.5067,0
63,99,526.62,323.89,554.91,349.74,0.7514,0
63,122,103.93,178.21,134.91,206.43,0.6039,1
63,132,89.79,1165.76,113.81,1197.12,0.6579,0
63,42,428.16,984.87,463.29,1020.11,0.5416,2
63,138,206.86,129.58,231.64,165.50,0.5970,0
63,142,156.39,233.72,175.59,258.39,0.5518,0
63,148,207.93,129.25,231.51,153.00,0.5286,0
64,1,106.91,751.74,131.87,789.11,0.7440,0
64,2,139.34,902.47,168.91,931.14,0.8132,0
64,14,172.94,889.91,197.17,914.66,0.7594,0
64,15,535.39,974.98,570.66,1016.68,0.8332,2
64,75,458.24,370.64,488.78,412.93,0.8363,2
64,80,436.69,362.80,459.53,391.08,0.7516,0
64,88,532.22,301.16,571.29,335.72,0.7789,1
64,55,126.15,525.43,153.64,557.08,0.7714,1
64,4,468.21,1017.04,503.49,1055.39,0.5739,2
64,120,204.52,212.07,242.31,241.35,0.7983,1
64,113,123.94,250.90,143.78,276.50,0.7449,0
64,25,391.23,680.13,417.67,717.49,0.7009,1
64,123,490.00,809.58,512.76,830.17,0.6869,0
64,49,487.71,559.36,517.76,598.85,0.6831,1
64,43,232.95,564.54,254.61,586.73,0.5591,0
64,92,401.51,316.07,434.76,356.86,0.6365,2
64,127,206.35,180.14,246.87,212.09,0.6899,2
64,115,99.20,229.52,127.09,258.71,0.6810,2
64,151,500.94,13.48,526.33,53.75,0.6958,0
64,23,497.36,994.20,531.75,1025.81,0.7210,0
64,102,559.13,828.01,585.01,853.01,0.6689,0
64,154,459.79,13.20,478.66,38.35,0.6084,0
64,122,103.48,187.96,134.58,215.47,0.5577,0
64,132,88.85,1179.11,114.39,1210.68,0.7022,0
64,42,427.98,997.58,463.60,1033.71,0.5641,2
64,138,206.39,140.30,231.61,178.72,0.6855,0
64,130,140.78,755.24,166.80,782.62,0.5621,0
64,11,363.93,916.64,418.86,956.03,0.6456,0
64,18,533.61,715.24,564.31,742.34,0.5921,0
64,86,513.57,372.86,542.06,406.23,0.7938,2
64,29,204.10,597.99,228.23,624.71,0.5749,0
64,24,559.18,698.23,590.71,726.18,0.6505,1
64,52,603.75,647.44,623.21,667.81,0.5874,0
65,1,106.15,764.46,130.39,802.07,0.6052,0
65,2,138.62,915.64,168.70,944.01,0.8363,0
65,14,172.60,902.99,196.75,928.11,0.7448,0
65,15,536.39,989.18,571.24,1030.79,0.8369,2
65,75,458.07,382.18,488.72,423.23,0.8466,2
65,80,437.08,372.65,460.11,402.05,0.7801,0
65,88,530.92,312.26,571.30,346.73,0.7914,1
65,55,125.63,536.26,152.33,568.79,0.6865,1
65,4,469.16,1031.40,503.77,1069.28,0.7339,2
65,120,204.03,221.88,241.66,250.95,0.7177,1
65,113,124.07,261.29,142.74,285.45,0.6906,0
65,25,391.56,694.18,416.13,729.89,0.6866,1
65,123,490.24,822.24,512.70,842.74,0.6832,0
65,49,487.92,571.42,518.15,611.50,0.8078,1
65,43,232.78,575.74,255.04,597.78,0.6696,0
65,92,401.80,326.15,434.81,367.41,0.7721,2
65,127,208.15,191.08,245.94,220.41,0.8181,2
65,115,98.54,239.01,126.93,267.61,0.6757,2
65,151,500.87,23.07,527.01,62.35,0.5259,0
65,23,497.45,1006.70,531.89,1039.76,0.6640,0
65,102,560.26,840.54,585.48,865.54,0.6765,0
65,132,87.72,1192.25,113.60,1226.74,0.6164,0
65,42,428.13,1011.06,463.41,1047.95,0.7211,2
65,138,206.27,152.14,231.12,190.22,0.7503,0
65,157,95.99,903.63,116.21,926.76,0.6014,0
65,18,533.99,725.75,565.42,755.04,0.5974,0
65,24,560.40,710.53,591.51,738.79,0.5134,1
65,52,604.60,659.97,623.99,680.43,0.5952,0
65,97,96.20,860.19,113.68,880.59,0.5530,0
65,48,194.18,567.75,216.14,589.90,0.6342,0
65,57,89.47,540.02,113.60,566.40,0.6416,1
65,142,156.69,254.95,174.76,279.39,0.5955,0
66,1,104.81,776.34,129.28,815.89,0.6885,0
66,2,138.60,928.19,168.60,957.85,0.8274,0
66,14,171.82,915.93,196.64,942.12,0.7534,0
66,15,530.88,1001.51,572.22,1044.01,0.7298,2
66,75,458.73,393.91,489.01,433.20,0.8373,2
66,80,437.06,383.98,459.75,413.10,0.7783,0
66,88,532.67,321.58,570.30,358.00,0.5821,1
66,55,124.85,549.44,152.34,579.42,0.6309,1
66,4,468.99,1044.48,503.57,1082.29,0.5516,1
66,120,203.60,232.71,241.92,261.18,0.5757,1
66,113,122.67,270.78,141.23,295.00,0.6463,0
66,25,391.99,706.17,416.67,741.71,0.7429,1
66,49,488.36,583.05,518.25,623.83,0.8343,1
66,43,232.37,586.19,255.06,609.18,0.7509,0
66,92,402.07,336.77,435.32,376.93,0.6964,2
66,127,209.80,201.76,246.08,230.00,0.7817,2
66,151,500.77,33.24,527.52,72.39,0.7223,0
66,23,495.88,1015.21,531.90,1052.68,0.7178,0
66,138,205.69,160.91,231.28,199.17,0.7604,0
66,18,535.57,739.95,566.59,768.55,0.5193,0
66,158,436.68,10.07,460.00,43.00,0.6774,1
66,142,157.12,264.92,173.70,290.54,0.5728,0
66,141,564.59,621.06,585.65,640.67,0.5274,0
66,99,527.10,357.57,557.75,382.41,0.5653,0
66,122,102.72,206.25,134.04,236.87,0.6098,0
66,11,364.31,944.82,415.89,984.27,0.6584,0
66,29,203.45,621.02,227.89,647.90,0.5657,0
67,1,104.22,789.10,128.25,828.36,0.7372,0
67,2,138.38,941.65,167.98,971.63,0.8333,0
67,14,171.44,929.96,196.58,955.76,0.7920,0
67,15,532.33,1016.15,573.28,1057.80,0.8238,2
67,75,459.00,404.93,489.50,445.36,0.8503,2
67,80,437.06,395.44,459.75,424.82,0.7578,0
67,4,470.01,1059.74,503.48,1096.15,0.5922,2
67,120,203.97,242.76,242.05,271.81,0.6608,1
67,113,121.72,281.32,140.40,304.22,0.6943,0
67,25,392.39,720.20,417.21,755.46,0.6953,1
67,49,488.55,593.68,518.85,634.71,0.7691,1
67,43,232.22,597.85,255.44,621.15,0.6739,0
67,92,402.36,347.30,436.32,387.04,0.6464,1
67,127,210.57,212.60,246.17,239.90,0.6985,2
67,151,501.36,44.48,527.71,82.68,0.6913,0
67,23,497.01,1031.71,532.08,1065.09,0.6532,0
67,138,205.61,172.55,230.90,211.03,0.7054,0
67,158,437.17,18.58,461.67,53.15,0.5500,1
67,142,155.68,272.69,172.82,299.46,0.5194,0
67,160,220.93,1.85,248.99,27.16,0.5015,1
67,122,101.47,215.69,132.74,251.95,0.5570,0
67,11,364.88,960.05,415.73,998.39,0.6105,0
67,112,40.74,885.83,60.22,905.93,0.5480,0
67,154,459.64,42.35,478.41,66.58,0.5479,0
67,86,515.47,407.39,543.41,439.80,0.8124,2
67,102,563.84,866.81,587.14,891.08,0.6468,0
67,132,87.89,1221.52,111.92,1255.38,0.6125,0
67,24,559.98,733.15,593.08,763.64,0.6845,2
68,1,103.88,802.09,128.12,839.85,0.7234,0
68,2,137.65,955.48,167.16,984.58,0.8177,0
68,14,170.75,944.37,196.00,969.52,0.7940,0
68,15,535.84,1030.12,574.47,1071.81,0.8058,2
68,75,459.75,415.79,489.85,456.77,0.8585,2
68,80,437.39,406.44,460.02,436.47,0.5267,0
68,4,470.55,1075.47,504.30,1111.13,0.7369,2
68,120,203.11,252.48,241.20,282.54,0.7797,1
68,113,120.51,293.28,138.09,315.50,0.5080,0
68,25,392.60,732.15,417.75,768.73,0.6934,1
68,49,489.19,606.07,519.46,648.40,0.8256,1
68,43,231.68,610.21,255.24,633.91,0.7482,0
68,92,402.63,359.33,435.83,398.47,0.6563,2
68,127,207.94,222.33,246.10,250.80,0.7382,2
68,151,501.88,54.85,527.65,91.61,0.6099,0
68,23,499.05,1049.43,531.73,1078.67,0.5968,0
68,138,205.49,180.22,230.52,220.57,0.7589,0
68,158,437.59,29.09,462.54,62.47,0.6024,1
68,142,155.74,284.33,171.81,309.54,0.5483,0
68,11,364.74,973.74,415.36,1012.36,0.7170,0
68,166,397.79,4.05,431.11,37.51,0.8258,1
68,167,136.32,2.22,169.87,28.43,0.7787,2
68,86,516.04,418.66,544.36,450.21,0.6641,2
68,24,565.69,746.77,593.30,776.11,0.5805,2
68,123,492.82,861.64,514.80,882.66,0.5401,0
68,88,537.55,343.72,573.39,377.90,0.6285,2
68,55,124.31,574.91,151.57,602.75,0.5977,1
68,18,535.49,764.75,568.58,795.84,0.5330,0
68,141,565.99,645.70,586.55,665.41,0.6613,0
69,1,103.06,815.75,128.21,856.82,0.6734,0
69,2,137.34,969.79,166.53,998.33,0.8148,0
69,14,169.93,958.64,195.32,983.61,0.7224,0
69,15,537.18,1044.22,575.47,1086.86,0.8059,2
69,75,459.80,426.59,490.56,468.24,0.8429,2
69,80,437.29,419.08,459.98,447.47,0.7065,0
69,4,472.01,1092.21,505.06,1126.54,0.7706,2
69,120,202.93,263.00,240.91,293.06,0.7951,1
69,25,392.30,747.08,418.17,780.70,0.7982,1
69,49,489.46,617.89,520.12,661.14,0.8004,1
69,43,231.24,622.28,254.58,646.24,0.8102,0
69,92,403.11,371.62,436.11,409.88,0.7359,2
69,127,207.81,232.63,245.98,261.89,0.8193,2
69,151,502.69,64.44,527.98,100.80,0.6436,0
69,23,499.65,1064.17,532.17,1092.99,0.6272,0
69,158,436.86,37.33,463.19,71.61,0.7066,1
69,142,154.94,296.14,171.93,320.87,0.7086,0
69,11,363.64,988.24,414.13,1027.51,0.5641,0
69,166,398.04,12.03,432.30,46.65,0.8591,1
69,167,136.31,4.05,169.90,37.64,0.8175,2
69,86,516.64,430.06,544.98,461.57,0.5257,2
69,24,567.70,760.72,594.17,789.35,0.6993,2
69,171,175.53,33.99,193.96,54.71,0.5790,0
69,123,493.62,874.88,515.29,896.47,0.6584,0
69,88,539.43,355.75,574.41,387.42,0.5438,2
69,18,535.65,777.21,568.79,809.37,0.5758,0
69,141,566.51,657.92,586.86,676.94,0.6384,0
69,148,207.39,191.27,229.92,216.38,0.5130,0
69,115,99.08,281.29,124.74,309.82,0.6749,2
69,48,191.97,614.92,213.50,637.56,0.6866,0
69,122,101.11,235.76,131.52,268.92,0.5555,1
69,154,460.85,60.30,481.46,85.72,0.5635,0
70,1,102.45,828.40,127.50,868.69,0.7658,0
70,2,136.17,982.85,166.42,1012.76,0.8349,0
70,14,168.43,972.29,194.55,998.63,0.7494,0
70,15,539.33,1057.84,576.05,1101.01,0.8091,2
70,75,460.04,438.11,491.07,480.10,0.8453,2
70,80,437.83,431.55,459.89,457.91,0.7008,0
70,4,472.37,1103.27,505.79,1140.80,0.7666,2
70,120,202.68,273.59,240.59,303.67,0.8010,1
70,25,392.87,760.56,419.13,794.10,0.6731,1
70,49,489.72,629.90,520.45,674.46,0.8300,1
70,43,231.72,635.40,254.11,658.72,0.7314,0
70,92,403.26,383.27,436.30,421.62,0.6250,1
70,127,208.36,243.37,244.84,272.32,0.8139,2
70,151,503.32,74.86,528.73,110.87,0.5340,0
70,23,500.17,1078.11,533.32,1107.74,0.5904,0
70,142,154.46,306.84,172.16,332.33,0.5793,0
70,11,364.46,1004.06,415.19,1041.52,0.5469,0
70,166,397.86,20.80,432.64,56.51,0.8576,1
70,167,136.01,7.90,169.80,47.19,0.8216,2
70,24,571.27,774.46,594.71,801.96,0.6227,2
70,171,174.14,41.92,192.76,64.89,0.6877,0
70,123,494.14,888.53,515.87,909.85,0.6144,0
70,18,535.63,788.31,570.09,822.55,0.5150,0
70,141,566.44,670.48,587.13,688.62,0.5462,0
70,148,206.93,201.83,229.97,224.55,0.6052,0
70,115,98.60,290.99,123.40,319.87,0.6860,2
70,122,101.34,245.41,132.05,277.51,0.5982,1
70,29,202.18,669.41,226.84,697.18,0.7055,0
70,160,221.92,25.63,247.52,56.80,0.8299,2
70,138,205.42,203.25,230.25,244.30,0.5095,0
70,55,123.31,598.42,150.49,626.76,0.5114,1
71,1,102.12,841.86,126.74,881.76,0.7908,0
71,2,135.49,997.74,165.94,1027.19,0.8287,0
71,14,168.20,985.40,194.20,1012.79,0.7451,0
71,15,540.43,1072.07,576.69,1115.33,0.8189,2
71,75,460.66,449.71,491.24,491.21,0.8228,2
71,80,438.66,443.48,460.34,469.51,0.7749,0
71,4,473.38,1119.65,506.14,1156.16,0.6089,2
71,120,202.37,284.85,241.48,314.11,0.7399,1
71,25,392.90,773.72,420.90,807.84,0.6987,1
71,49,490.15,641.80,521.10,686.67,0.6934,1
71,43,231.39,647.62,253.96,670.97,0.7636,0
71,92,403.30,394.15,436.97,433.17,0.5605,2
71,127,209.27,254.23,244.86,283.05,0.7858,2
71,151,504.22,83.92,529.56,121.37,0.5815,0
71,23,501.75,1094.04,534.60,1122.81,0.6522,0
71,166,397.35,30.64,433.62,66.49,0.8181,1
71,167,135.42,17.70,168.98,56.69,0.8138,2
71,24,572.49,786.25,595.80,815.63,0.6752,2
71,171,173.59,53.01,192.88,74.37,0.5792,0
71,123,494.91,902.60,516.39,924.26,0.5734,0
71,18,537.78,801.87,570.93,836.61,0.6126,0
71,141,567.94,682.77,589.23,701.81,0.7091,0
71,148,206.63,213.07,230.01,238.04,0.6764,0
71,115,97.97,301.95,123.11,328.84,0.5865,2
71,122,101.21,255.76,132.21,287.79,0.5351,0
71,173,248.81,1.90,277.63,24.63,0.6489,0
71,174,393.67,3.33,423.41,27.47,0.5665,1
71,175,531.82,33.92,558.79,61.48,0.7815,1
71,176,403.42,393.98,437.32,433.92,0.5131,1
71,160,221.34,34.40,247.41,66.18,0.7455,2
71,138,205.65,215.93,229.96,254.98,0.6592,0
71,42,429.89,1097.70,463.05,1136.79,0.5990,2
71,52,609.60,738.01,629.63,756.69,0.5361,0
71,112,38.33,942.05,57.60,962.08,0.5780,0
71,102,569.66,920.24,589.84,944.33,0.5410,0
71,158,438.19,58.51,463.58,91.44,0.6463,1
71,86,517.25,452.31,546.04,484.97,0.6525,1
71,88,546.39,378.07,577.25,404.58,0.5558,2
71,154,460.21,83.90,480.60,105.24,0.5330,0
72,1,101.65,855.39,125.56,895.01,0.7954,0
72,2,134.42,1011.53,165.60,1041.86,0.8168,0
72,14,168.03,998.75,194.07,1026.95,0.7319,0
72,15,537.78,1087.36,577.25,1130.39,0.8368,2
72,75,461.12,461.89,492.00,502.55,0.8373,2
72,80,439.62,453.56,462.75,481.83,0.7770,0
72,120,202.01,296.46,241.54,325.28,0.6447,1
72,25,393.43,787.29,417.88,821.26,0.6265,1
72,49,490.94,654.18,521.60,699.69,0.7824,1
72,43,231.61,659.75,253.66,683.63,0.5261,0
72,92,403.47,404.50,437.28,445.36,0.6152,1
72,127,202.68,264.16,244.64,294.62,0.7155,2
72,151,504.00,91.16,529.95,130.38,0.6118,0
72,23,502.22,1108.39,535.93,1137.46,0.6472,0
72,166,397.39,39.26,433.51,76.83,0.8117,1
72,167,135.56,28.79,168.73,66.64,0.7921,2
72,24,572.31,799.26,596.96,829.86,0.6476,2
72,171,172.73,61.81,193.04,84.10,0.7148,0
72,123,496.92,917.07,516.82,938.92,0.5250,0
72,18,540.30,816.40,571.97,851.18,0.6291,0
72,141,569.15,695.70,591.15,715.70,0.7345,0
72,115,96.79,313.08,122.58,339.69,0.7213,2
72,122,100.52,265.98,131.93,297.91,0.6855,1
72,173,249.21,7.32,277.63,34.23,0.7400,0
72,174,393.53,13.65,423.45,37.89,0.5825,0
72,175,532.68,41.55,560.78,71.53,0.7097,1
72,160,220.96,43.93,248.12,75.31,0.7811,2
72,138,205.16,224.90,230.09,265.67,0.7042,0
72,86,518.16,463.10,546.44,496.19,0.8147,1
72,88,544.91,388.00,578.43,415.50,0.5856,2
72,113,118.97,334.22,136.61,358.94,0.5722,0
73,1,101.12,867.95,125.01,908.81,0.7749,0
73,2,134.24,1025.38,165.31,1056.18,0.8259,0
73,14,167.93,1011.80,193.87,1041.15,0.6903,0
73,15,535.71,1103.21,579.04,1145.83,0.7583,2
73,75,461.62,473.32,492.46,514.02,0.8407,2
73,80,440.29,464.65,463.42,493.93,0.7747,0
73,25,393.43,798.51,419.93,834.89,0.5374,1
73,49,491.30,665.67,522.21,712.32,0.7518,1
73,43,231.38,672.35,253.42,696.36,0.6249,0
73,92,403.57,416.05,437.35,456.39,0.6124,2
73,127,203.10,275.32,245.44,305.02,0.7888,2
73,23,502.67,1122.76,538.52,1153.02,0.6476,0
73,166,398.44,48.57,434.63,86.12,0.8241,1
73,167,135.32,38.04,169.30,76.35,0.8268,2
73,24,571.66,812.19,598.08,842.57,0.6775,2
73,171,172.31,69.13,192.50,93.92,0.7371,0
73,123,497.05,930.64,517.83,953.18,0.5493,0
73,18,541.79,838.64,570.88,866.38,0.6087,0
73,141,570.18,707.77,592.06,729.93,0.7645,0
73,115,96.71,324.41,122.16,350.70,0.5942,2
73,122,99.71,276.46,131.77,307.79,0.5478,1
73,174,394.25,23.10,422.86,47.30,0.5483,0
73,175,533.16,52.62,560.46,82.03,0.7237,1
73,138,204.85,232.61,230.38,276.79,0.7834,0
73,86,518.46,473.86,546.73,507.54,0.8410,1
73,88,541.48,397.63,579.43,428.53,0.6403,2
73,113,118.05,344.61,136.30,369.70,0.6954,0
73,142,152.91,336.66,170.43,365.28,0.5641,0
73,29,200.17,706.15,226.38,734.29,0.5664,0
73,158,440.34,78.38,465.47,110.63,0.5836,1
74,1,100.67,881.13,124.58,922.17,0.7999,0
74,2,133.78,1039.89,165.25,1070.13,0.8449,0
74,14,167.04,1026.34,192.52,1055.33,0.7020,0
74,15,539.28,1119.74,580.30,1162.13,0.7770,2
74,75,462.27,485.45,493.57,525.46,0.8218,2
74,80,440.65,475.90,462.74,505.82,0.8044,0
74,49,492.16,677.70,522.61,725.52,0.7555,1
74,43,230.69,684.98,252.91,709.12,0.6126,0
74,92,403.69,425.66,438.31,467.94,0.6726,2
74,127,202.29,286.02,245.70,315.86,0.7629,2
74,23,502.02,1138.17,539.72,1167.66,0.6969,0
74,166,398.51,59.32,435.49,96.41,0.8713,1
74,167,134.64,48.02,168.68,86.19,0.8413,2
74,24,574.11,825.40,598.61,855.38,0.7226,2
74,171,170.32,79.02,191.13,103.77,0.6837,0
74,18,543.31,848.93,571.92,880.72,0.5688,0
74,141,572.10,720.41,592.67,743.63,0.6173,0
74,115,96.82,335.04,122.08,363.08,0.6090,2
74,122,98.34,287.25,130.17,318.28,0.5013,1
74,174,395.16,33.62,423.20,57.50,0.5921,0
74,175,533.31,62.90,561.36,92.23,0.7785,1
74,138,204.27,246.40,229.47,286.45,0.7739,0
74,86,518.71,485.28,547.12,519.05,0.7002,1
74,113,117.64,356.58,135.19,380.53,0.5828,0
74,178,545.86,744.29,569.67,775.66,0.6220,0
74,142,152.33,348.68,170.28,375.62,0.5794,0
74,29,199.90,718.95,226.22,746.87,0.8132,0
74,158,440.99,89.48,465.32,120.59,0.6873,1
74,78,588.67,1049.68,607.91,1068.55,0.6406,0
74,4,474.34,1165.98,509.09,1203.06,0.7141,2
74,102,568.04,961.14,591.56,988.05,0.6123,0
74,154,461.93,112.53,481.63,136.17,0.5370,0
74,120,201.60,316.99,240.99,346.97,0.7627,1
74,151,504.85,111.25,530.81,150.19,0.5831,1
74,173,249.14,25.97,277.84,53.45,0.6564,0
74,160,220.92,63.33,247.22,95.52,0.8462,2
75,1,100.28,894.95,123.48,935.32,0.7912,0
75,2,132.40,1055.98,163.95,1085.88,0.8294,0
75,14,166.14,1043.23,191.54,1070.01,0.5764,0
75,15,545.73,1136.02,581.20,1177.56,0.7849,2
75,75,462.37,497.31,494.13,536.95,0.8007,2
75,80,441.09,488.15,462.03,518.04,0.7850,0
75,49,493.14,690.67,523.32,738.65,0.6357,1
75,43,230.29,699.11,252.33,722.05,0.5461,0
75,92,403.92,437.26,438.16,480.03,0.5279,1
75,127,201.62,297.18,245.14,327.27,0.7607,2
75,23,502.96,1153.53,540.09,1183.57,0.5718,0
75,166,398.28,68.86,436.66,106.24,0.8191,1
75,167,134.33,58.30,167.69,96.45,0.8287,2
75,24,573.28,839.21,599.25,869.00,0.5422,2
75,171,170.53,91.05,191.17,114.20,0.6335,0
75,18,544.57,859.10,573.39,896.39,0.6568,0
75,115,96.15,347.67,121.44,375.18,0.6844,2
75,122,97.11,295.76,132.39,329.73,0.6682,1
75,174,394.97,43.97,423.84,66.42,0.6207,0
75,175,533.20,71.81,561.95,102.58,0.7602,1
75,138,204.74,255.72,229.10,298.91,0.7738,0
75,86,518.89,496.93,548.06,530.32,0.5448,1
75,113,116.55,368.18,134.10,392.43,0.6312,0
75,142,151.57,358.53,170.70,386.41,0.6152,0
75,158,441.56,100.77,464.77,131.80,0.7401,1
75,78,590.03,1067.19,609.30,1084.53,0.5844,0
75,4,474.44,1181.50,510.04,1218.41,0.7532,2
75,154,462.33,123.63,481.98,146.54,0.5235,0
75,120,201.10,327.42,240.30,358.77,0.7848,1
75,151,505.53,123.96,531.64,161.04,0.5075,0
75,173,247.85,35.95,277.60,63.22,0.6533,1
75,160,219.88,73.12,247.07,105.44,0.7552,2
75,57,83.82,660.10,110.08,687.92,0.6122,0
75,25,393.72,826.89,421.21,861.90,0.6784,1
76,1,99.84,909.27,122.80,948.54,0.7646,0
76,2,131.80,1071.45,163.47,1100.79,0.8424,0
76,14,165.55,1059.17,190.39,1085.67,0.7141,0
76,15,550.92,1151.23,581.69,1193.45,0.7150,2
76,75,462.65,509.77,494.59,549.15,0.8379,2
76,80,441.06,501.06,461.46,529.63,0.7760,0
76,49,493.96,703.52,524.01,751.81,0.6790,1
76,43,229.29,712.77,251.92,735.69,0.6664,0
76,127,201.32,308.79,244.15,339.01,0.7774,2
76,166,397.95,79.74,435.78,116.42,0.8315,1
76,167,133.66,69.54,166.70,106.19,0.8338,2
76,24,572.72,851.80,600.12,883.27,0.5528,2
76,171,170.31,101.50,191.17,123.68,0.7408,0
76,18,548.93,883.05,573.46,911.40,0.5395,0
76,115,95.40,359.95,120.99,386.22,0.7538,2
76,174,394.88,53.14,424.11,77.20,0.5250,1
76,175,533.64,83.99,562.65,112.00,0.6851,1
76,138,205.54,266.16,229.21,307.09,0.7453,0
76,86,518.96,508.46,548.81,542.06,0.7429,1
76,113,115.34,380.35,132.73,404.21,0.6235,0
76,142,151.03,370.12,170.77,398.09,0.6241,0
76,158,441.73,109.99,464.78,143.44,0.7287,1
76,4,475.11,1196.50,510.65,1234.19,0.5710,1
76,120,200.75,338.95,240.11,370.14,0.7803,1
76,151,505.35,134.91,532.51,172.16,0.5409,0
76,173,247.99,46.15,277.65,73.04,0.5696,0
76,160,218.76,83.24,247.73,115.55,0.6972,2
76,57,82.90,672.69,109.35,700.34,0.7066,1
76,99,534.02,470.43,563.13,496.78,0.6075,0
76,112,31.95,1017.42,52.22,1035.63,0.5182,0
76,123,498.58,974.12,520.62,997.52,0.6348,0
77,1,98.96,924.38,122.24,962.78,0.6820,0
77,2,131.28,1088.24,162.26,1116.01,0.8023,0
77,14,165.85,1075.47,189.65,1100.88,0.7425,0
77,15,554.02,1167.20,582.46,1209.74,0.7945,2
77,75,463.21,522.87,495.16,560.82,0.8150,2
77,80,441.35,514.39,461.74,542.00,0.6908,0
77,49,494.74,717.01,525.26,766.54,0.7526,1
77,127,200.18,319.73,243.73,350.42,0.8192,2
77,166,398.59,89.69,436.30,127.89,0.8327,1
77,167,133.69,80.50,166.49,116.68,0.8099,2
77,24,572.34,865.50,600.41,898.26,0.5457,2
77,171,170.44,109.13,190.91,133.89,0.7504,0
77,18,551.54,902.95,573.90,925.77,0.5881,0
77,115,94.89,372.23,120.19,398.27,0.7552,2
77,174,395.51,63.62,423.37,88.24,0.6660,0
77,175,534.84,96.95,563.59,122.28,0.6050,1
77,86,519.82,520.83,549.65,553.97,0.5210,2
77,113,114.79,392.36,132.46,415.07,0.6174,0
77,142,151.11,383.02,170.40,410.37,0.6880,0
77,158,441.86,120.23,465.52,154.16,0.6037,1
77,4,475.57,1214.45,511.49,1250.49,0.5768,1
77,120,200.63,350.66,239.80,381.24,0.8005,1
77,173,247.76,55.40,277.16,83.40,0.7263,0
77,160,218.03,93.65,247.68,125.96,0.7058,2
77,57,82.37,685.16,108.78,713.31,0.7282,1
77,99,534.33,482.79,564.23,508.93,0.6612,0
77,148,206.30,277.09,229.56,299.72,0.6365,0
77,52,618.15,821.25,636.27,840.94,0.6646,0
77,141,575.77,761.74,595.65,784.34,0.6357,0
77,92,404.80,461.44,438.34,504.79,0.7741,2
77,23,504.47,1187.85,540.98,1215.62,0.5948,0
77,122,97.06,319.15,131.28,351.54,0.6277,1
77,25,393.28,857.38,415.17,890.30,0.6460,1
78,1,97.22,939.14,121.51,978.08,0.7110,0
78,2,131.13,1103.53,161.69,1131.10,0.8211,0
78,14,165.99,1088.59,190.36,1116.41,0.7553,0
78,15,555.24,1183.96,583.39,1225.50,0.8139,2
78,75,463.64,535.05,495.45,572.80,0.8444,2
78,80,441.69,526.62,463.82,554.86,0.7777,0
78,49,495.10,730.44,525.99,780.87,0.7946,1
78,127,199.47,331.48,243.04,362.46,0.8233,2
78,166,399.90,99.87,436.55,138.38,0.8012,1
78,167,133.25,90.56,166.41,127.00,0.7965,2
78,171,170.28,119.08,190.88,144.19,0.6592,0
78,115,94.87,383.59,118.54,409.46,0.8006,2
78,174,395.41,73.92,423.33,98.50,0.6782,0
78,175,535.43,104.45,563.92,133.52,0.6909,1
78,86,520.26,533.20,550.23,566.47,0.7162,2
78,113,115.05,403.45,132.74,426.16,0.5563,0
78,142,150.87,394.59,169.92,422.45,0.5550,0
78,158,442.03,131.00,465.70,164.02,0.6843,1
78,4,475.95,1229.30,513.14,1266.51,0.7340,1
78,120,200.06,362.70,239.98,392.73,0.7699,1
78,173,247.63,65.88,276.81,93.81,0.6551,0
78,160,218.35,103.70,246.79,136.25,0.7605,2
78,57,81.60,698.98,108.92,726.79,0.6128,1
78,186,113.71,84.23,134.42,113.58,0.5829,0
78,187,412.94,382.84,430.03,403.77,0.5218,0
78,148,205.85,287.43,229.46,308.12,0.6483,0
78,52,618.91,836.81,637.34,855.48,0.5254,0
78,92,405.75,474.62,439.03,516.77,0.7244,2
78,23,505.97,1205.83,542.05,1232.15,0.5697,0
78,25,393.31,870.34,421.10,904.90,0.7259,1
78,29,199.00,775.34,225.01,801.19,0.5799,0
78,43,228.83,740.49,251.03,762.09,0.5315,0
78,138,203.98,301.20,229.27,332.32,0.6554,0
78,151,506.81,156.02,533.35,191.39,0.5075,1
78,123,498.62,1004.82,521.65,1027.75,0.6581,0
79,1,96.34,954.24,120.63,995.22,0.5905,0
79,2,129.26,1117.73,161.50,1146.72,0.8338,0
79,14,164.15,1103.26,190.37,1131.54,0.7950,0
79,15,556.23,1199.62,584.12,1242.08,0.8072,2
79,75,464.04,547.75,496.01,585.17,0.8374,2
79,80,441.97,539.03,464.60,567.42,0.7240,0
79,49,495.69,743.52,527.88,794.29,0.7582,1
79,127,198.00,343.75,242.86,374.46,0.7960,2
79,166,400.30,111.12,436.62,149.09,0.8579,1
79,167,132.85,99.60,166.19,137.29,0.8020,2
79,171,170.53,130.39,190.22,155.12,0.5318,0
79,115,93.38,392.22,117.36,421.27,0.6493,2
79,174,395.47,84.33,424.70,109.01,0.5512,0
79,175,536.34,115.30,564.42,144.59,0.7091,1
79,86,520.74,546.02,550.59,578.57,0.7742,2
79,113,114.11,414.42,132.72,437.70,0.5916,0
79,142,150.25,404.64,169.68,433.96,0.5319,0
79,158,442.16,140.63,466.22,174.09,0.6519,1
79,4,476.13,1243.55,514.05,1280.00,0.7302,1
79,120,199.32,374.39,239.84,404.62,0.7929,1
79,173,247.72,76.77,277.29,104.33,0.5208,1
79,160,218.88,114.20,246.56,146.78,0.8357,2
79,187,412.13,394.97,430.88,417.11,0.6597,0
79,148,205.08,299.36,229.23,324.63,0.6248,0
79,52,619.36,851.21,638.80,869.94,0.6355,0
79,92,406.29,487.83,439.92,528.90,0.5083,1
79,25,394.85,883.86,420.29,920.44,0.5204,1
79,188,76.89,386.54,95.47,411.38,0.6078,0
79,138,204.31,314.18,228.76,346.58,0.7097,0
79,123,498.65,1019.62,522.28,1043.25,0.6949,0
79,24,577.09,896.05,602.33,928.09,0.5081,2
79,141,576.30,790.54,598.13,810.93,0.5679,0
79,122,95.24,341.29,133.12,374.10,0.5618,1
80,1,95.27,969.35,119.67,1010.70,0.6002,0
80,2,128.72,1132.99,161.47,1162.05,0.8109,0
80,14,162.33,1118.27,189.58,1147.62,0.7105,0
80,15,556.43,1213.98,584.90,1258.43,0.7999,2
80,75,464.96,560.00,496.41,597.31,0.8377,2
80,80,442.13,552.08,465.46,579.69,0.7669,0
80,49,495.98,757.57,529.41,806.51,0.6035,1
80,127,197.97,356.36,243.01,385.68,0.7047,2
80,166,399.47,122.11,438.21,160.05,0.8563,1
80,167,131.68,109.92,165.93,148.03,0.8067,2
80,171,169.91,141.72,190.43,165.95,0.7379,0
80,115,92.36,402.60,116.78,432.93,0.6570,2
80,175,537.01,126.40,565.42,155.34,0.6718,1
80,86,521.04,558.61,551.55,590.74,0.7966,2
80,113,113.67,425.75,132.40,449.67,0.6342,0
80,142,149.87,418.85,169.10,445.03,0.5429,0
80,158,442.19,152.80,466.25,184.93,0.6115,1
80,120,198.99,385.89,240.17,416.25,0.7808,1
80,173,247.34,86.48,277.70,114.59,0.6688,1
80,160,218.64,125.94,246.33,157.85,0.8240,2
80,187,413.74,408.18,431.36,429.24,0.5671,0
80,148,204.96,310.14,229.13,335.41,0.5135,0
80,52,619.07,866.20,640.11,884.39,0.6513,0
80,92,406.59,500.35,441.51,540.07,0.6298,2
80,188,76.81,397.94,96.59,424.13,0.5987,0
80,138,204.20,325.73,228.94,358.66,0.6853,0
80,123,499.34,1034.70,522.74,1058.26,0.5921,0
80,190,163.87,102.60,188.27,130.78,0.6682,0
80,24,579.28,910.09,603.70,942.59,0.5885,2
80,141,577.11,803.89,599.00,825.51,0.7796,0
80,48,186.43,752.78,212.36,779.86,0.5130,0
80,88,550.96,480.75,582.84,509.69,0.5230,2
80,78,593.36,1148.69,614.20,1166.31,0.5417,0
80,99,535.81,519.17,567.04,545.05,0.5158,0
80,29,197.54,802.28,225.30,829.47,0.6243,0
81,1,94.54,983.47,119.96,1028.48,0.5913,0
81,2,128.32,1149.51,160.88,1178.21,0.8195,0
81,14,161.47,1133.52,188.71,1162.90,0.7405,0
81,15,557.00,1231.50,585.81,1276.23,0.8230,2
81,75,464.76,572.37,496.96,609.74,0.8369,2
81,80,442.20,565.05,465.31,592.55,0.7631,0
81,49,497.08,770.97,530.09,818.29,0.5439,1
81,127,199.03,368.27,243.31,396.14,0.7323,2
81,166,399.02,133.16,437.89,170.36,0.8520,1
81,167,130.57,120.63,164.93,159.32,0.7642,2
81,171,168.66,152.96,189.09,176.33,0.7026,0
81,175,537.58,137.58,566.43,165.21,0.7169,1
81,86,521.45,570.85,552.74,603.10,0.7874,2
81,113,113.26,437.52,132.45,461.90,0.6919,0
81,142,148.34,428.34,168.54,457.34,0.6291,0
81,158,442.23,163.31,466.69,196.31,0.6038,1
81,120,198.43,397.43,239.56,428.05,0.6410,1
81,160,218.19,136.55,246.28,168.16,0.7099,2
81,52,620.40,880.14,640.96,898.66,0.6028,0
81,92,406.79,512.53,442.09,551.99,0.5591,1
81,188,76.16,408.38,97.00,434.76,0.7736,0
81,138,204.12,337.47,227.91,369.62,0.5883,0
81,190,163.03,112.79,186.73,141.70,0.5990,0
81,24,579.05,923.86,605.59,957.95,0.5725,2
81,141,578.11,816.83,600.22,839.22,0.7460,0
81,88,551.87,492.47,584.08,522.14,0.5566,2
81,29,196.75,816.18,224.90,844.15,0.7589,0
81,178,546.24,847.17,575.82,881.64,0.6270,0
81,154,463.92,183.93,483.91,211.71,0.5284,0
81,186,111.12,115.87,132.52,142.54,0.6137,0
81,43,227.11,780.34,250.54,803.52,0.6435,0
81,151,509.24,190.30,534.89,224.87,0.6827,0
81,174,395.97,106.19,426.05,129.45,0.5538,1
81,25,395.84,909.30,420.25,949.87,0.6509,1
81,122,92.71,363.57,136.33,397.19,0.5554,1
82,1,92.95,997.68,116.98,1042.15,0.6810,0
82,2,128.30,1164.34,159.60,1193.88,0.7036,0
82,14,160.77,1148.74,187.47,1179.59,0.7668,0
82,75,465.81,583.96,497.28,622.48,0.8503,2
82,80,442.34,577.66,465.63,604.91,0.8092,0
82,49,497.31,783.86,530.64,831.76,0.5762,2
82,127,196.59,379.69,243.79,408.23,0.7325,2
82,166,399.18,145.00,436.93,181.31,0.8511,1
82,167,129.89,131.84,164.70,169.48,0.7871,2
82,171,167.88,163.32,188.63,186.60,0.6241,0
82,175,540.26,147.58,567.56,175.12,0.5075,1
82,86,521.83,583.58,553.64,615.38,0.7064,2
82,113,113.38,449.30,132.41,473.52,0.7356,0
82,142,148.38,441.54,168.66,469.00,0.6426,0
82,158,442.43,174.09,466.44,207.31,0.5914,1
82,120,198.03,409.76,239.05,440.18,0.6860,1
82,160,217.59,146.97,246.83,178.56,0.7499,2
82,92,407.31,524.67,441.77,563.96,0.7344,2
82,188,76.25,421.54,96.08,446.40,0.7521,0
82,138,201.49,347.63,227.29,380.34,0.6434,0
82,190,162.52,124.19,185.10,152.63,0.5572,0
82,24,578.67,935.37,606.97,971.51,0.6212,2
82,141,579.18,831.27,601.59,852.74,0.7339,0
82,88,550.99,504.33,584.80,534.48,0.6436,2
82,29,196.13,830.11,224.16,857.34,0.7344,0
82,186,110.84,125.20,132.21,151.63,0.8064,0
82,43,226.15,794.15,250.34,817.57,0.6750,0
82,151,509.38,200.31,535.13,235.44,0.5866,0
82,174,396.27,116.35,426.36,140.02,0.5106,1
82,25,395.78,924.17,420.97,963.52,0.7671,1
82,102,575.00,1080.33,600.18,1107.68,0.5702,0
82,18,556.99,982.38,579.24,1004.62,0.5293,0
82,57,78.37,753.99,103.48,780.20,0.5944,0
82,115,92.44,426.43,117.45,456.60,0.6197,2
82,173,247.44,107.74,276.93,135.67,0.7144,0
82,148,205.33,331.25,227.76,355.09,0.5492,0
82,123,499.95,1064.71,524.59,1089.87,0.6856,0
82,48,185.80,774.00,212.47,808.40,0.6772,0
83,2,127.97,1180.34,158.61,1209.53,0.6490,0
83,14,160.33,1163.87,186.80,1196.04,0.8035,0
83,75,466.43,596.67,497.69,635.44,0.8450,2
83,80,442.61,590.47,466.22,617.77,0.8258,0
83,49,497.48,797.74,530.76,847.33,0.6500,2
83,127,194.15,390.51,243.89,420.28,0.7820,2
83,166,399.80,157.75,436.32,192.32,0.8285,1
83,167,129.66,141.80,164.83,179.39,0.7863,2
83,171,167.18,172.57,188.16,197.63,0.7183,0
83,175,541.63,157.21,567.97,186.54,0.5048,1
83,113,113.42,460.91,132.37,486.08,0.7428,0
83,142,148.71,453.38,168.78,480.81,0.6684,0
83,158,442.53,184.87,467.49,217.49,0.6744,1
83,120,198.02,422.40,238.48,452.07,0.6479,1
83,160,217.21,157.95,246.48,189.57,0.7123,2
83,92,407.28,536.24,442.29,576.24,0.5205,1
83,188,75.24,433.78,95.38,457.68,0.6631,0
83,138,201.75,349.22,228.61,391.97,0.7269,0
83,190,163.37,134.85,184.95,163.09,0.6236,0
83,141,579.80,844.98,603.04,866.04,0.6721,0
83,88,550.97,516.53,585.54,547.25,0.6383,2
83,29,196.37,844.10,223.99,871.60,0.6764,0
83,186,110.83,136.15,132.22,162.21,0.7621,0
83,174,396.49,127.26,426.30,150.78,0.5901,1
83,25,395.88,941.34,417.72,977.99,0.5367,1
83,193,557.22,546.83,580.47,568.90,0.5266,0
83,173,247.28,118.15,276.29,146.35,0.6250,0
83,123,500.42,1080.82,525.47,1105.22,0.5097,0
83,48,185.53,787.77,212.32,822.09,0.7149,0
84,2,127.16,1197.18,157.73,1225.58,0.7406,0
84,14,160.42,1180.73,185.86,1213.07,0.7033,0
84,75,466.70,609.44,498.13,647.86,0.8438,2
84,80,442.64,603.74,466.25,630.38,0.8392,0
84,49,497.87,812.67,530.99,862.29,0.7844,1
84,127,198.61,401.49,243.99,431.73,0.8254,2
84,166,400.66,169.53,436.18,203.64,0.8352,1
84,167,129.13,153.44,164.65,189.83,0.7969,2
84,171,167.31,183.54,187.97,208.19,0.6770,0
84,175,542.59,168.34,567.83,196.90,0.6344,1
84,113,112.88,472.66,132.02,497.89,0.7609,0
84,142,148.34,465.36,168.76,493.02,0.6698,0
84,158,442.44,196.68,466.80,228.94,0.7046,1
84,120,197.64,434.26,238.34,464.25,0.6765,1
84,160,217.20,168.40,245.67,199.80,0.7866,2
84,188,74.30,445.33,94.52,469.38,0.6522,0
84,190,163.40,146.47,185.07,172.75,0.6518,0
84,141,580.93,859.20,603.73,880.70,0.5308,0
84,88,550.42,528.69,586.51,560.00,0.6865,2
84,29,196.01,858.01,221.79,885.46,0.6912,0
84,186,110.05,145.53,132.37,172.94,0.8121,0
84,174,396.35,136.99,426.11,161.73,0.5742,0
84,25,395.75,955.56,425.02,992.74,0.6799,1
84,193,558.63,560.00,581.39,582.19,0.5229,0
84,173,247.63,129.57,276.20,157.60,0.7443,0
84,48,185.24,800.68,211.32,835.47,0.6538,0
84,196,451.50,2.06,481.67,22.90,0.7347,2
84,52,623.92,924.08,643.86,943.93,0.5523,0
84,1,90.47,1027.62,115.84,1070.01,0.7635,0
84,86,522.20,607.70,554.73,640.83,0.5024,2
84,18,558.34,1013.66,578.74,1038.18,0.5645,0
84,115,91.18,451.20,116.80,480.90,0.6390,2
84,148,204.03,355.40,227.33,383.21,0.5614,0
85,2,126.67,1212.76,157.12,1242.87,0.6725,0
85,14,160.26,1198.87,185.34,1229.36,0.6882,0
85,75,466.77,622.55,498.45,661.21,0.8526,2
85,80,442.84,615.82,466.70,643.64,0.8449,0
85,49,498.42,826.94,531.11,879.29,0.7693,1
85,127,198.14,411.93,244.08,444.09,0.8273,2
85,166,401.21,180.79,436.61,215.00,0.8420,1
85,167,127.70,164.30,164.12,200.72,0.7993,2
85,171,166.78,194.94,187.53,219.56,0.6590,0
85,175,542.10,179.61,568.39,208.48,0.6714,1
85,113,113.01,485.48,131.55,510.38,0.7648,0
85,142,147.15,477.47,168.29,505.33,0.7143,0
85,158,442.61,208.18,467.04,239.50,0.7291,1
85,120,197.45,446.20,237.86,476.58,0.5359,1
85,160,216.45,179.15,245.51,210.87,0.8024,2
85,188,73.30,456.42,93.57,481.29,0.6561,0
85,190,162.83,158.13,184.83,183.85,0.7246,0
85,141,582.14,873.83,604.81,895.81,0.5014,0
85,88,551.45,541.38,587.39,572.14,0.6672,2
85,29,195.38,871.80,220.97,900.15,0.5962,0
85,186,109.61,156.20,131.15,184.19,0.7962,0
85,25,395.77,972.42,425.90,1008.20,0.5605,1
85,193,558.85,572.65,582.44,595.18,0.5188,0
85,173,247.62,140.39,276.67,168.36,0.6723,0
85,196,452.39,4.46,481.79,33.83,0.8095,2
85,199,64.80,1129.48,98.70,1169.98,0.6774,0
85,200,484.55,19.08,511.11,58.64,0.5608,0
85,52,624.91,940.06,644.66,959.29,0.5249,0
85,1,89.94,1043.01,115.13,1088.84,0.7472,0
85,18,560.61,1031.86,579.97,1054.45,0.5614,0
85,115,89.81,464.60,115.52,493.37,0.7391,2
85,148,203.33,367.03,227.00,391.88,0.6447,0
85,122,89.75,409.42,134.68,444.08,0.5465,1
85,24,583.29,981.78,608.87,1016.30,0.5393,2
85,151,511.97,232.64,537.67,267.99,0.6841,0
85,92,407.78,562.02,442.95,601.79,0.5859,2
86,2,126.61,1229.42,156.36,1258.63,0.6988,0
86,14,160.20,1214.04,185.26,1245.70,0.7589,0
86,75,466.76,635.51,499.05,674.35,0.8532,2
86,80,443.62,628.31,467.13,656.48,0.8583,0
86,49,498.97,841.55,531.84,893.72,0.6421,1
86,127,196.96,425.18,244.02,456.62,0.7664,2
86,166,401.36,190.76,437.81,225.80,0.8569,1
86,167,127.52,174.78,164.14,212.21,0.7691,2
86,171,166.71,205.95,187.80,231.04,0.7688,0
86,175,541.57,191.16,569.42,219.10,0.6269,1
86,113,112.20,497.90,131.47,522.79,0.7839,0
86,142,146.36,489.34,168.05,517.56,0.6653,0
86,158,442.75,219.41,467.14,250.93,0.6346,1
86,120,196.98,457.37,237.40,488.77,0.6180,1
86,160,216.35,190.11,245.35,222.78,0.8229,2
86,188,72.65,468.07,93.90,493.71,0.6016,0
86,190,161.63,168.09,184.63,193.95,0.7949,0
86,141,582.77,888.01,605.75,910.63,0.6831,0
86,88,550.45,553.03,588.55,585.75,0.7145,2
86,186,109.53,167.82,130.71,194.94,0.7711,0
86,25,396.11,986.53,427.50,1024.09,0.7134,1
86,193,559.04,585.52,583.40,607.66,0.5494,0
86,173,246.71,151.33,276.82,178.68,0.6282,1
86,196,452.82,9.20,481.78,44.79,0.7640,2
86,200,484.49,28.98,512.93,68.31,0.7171,1
86,52,625.85,954.78,645.51,974.41,0.6709,0
86,1,89.72,1058.47,114.36,1101.95,0.7313,0
86,115,88.43,477.23,114.38,505.45,0.6234,2
86,148,202.57,378.55,227.53,403.47,0.5949,0
86,203,88.16,147.31,108.63,165.38,0.5274,0
86,122,89.86,422.85,130.41,455.20,0.5779,1
86,24,582.78,996.03,609.18,1030.81,0.6980,2
86,151,512.54,244.52,538.29,279.01,0.6488,0
86,43,224.64,848.95,249.44,874.56,0.6877,0
86,138,197.92,395.28,227.36,428.96,0.5398,0
86,48,184.55,830.11,208.05,864.47,0.5021,0
86,86,524.10,633.85,555.99,666.58,0.8450,2
87,2,124.76,1245.46,154.60,1276.97,0.7357,0
87,14,159.66,1229.18,184.14,1261.61,0.5201,0
87,75,467.14,648.62,499.69,687.92,0.8545,2
87,80,444.57,640.69,467.86,669.40,0.8399,0
87,49,499.42,856.15,532.44,909.03,0.8206,1
87,127,199.37,436.67,243.64,468.53,0.8002,2
87,166,401.31,202.36,438.47,237.43,0.8714,1
87,167,127.40,185.23,164.21,223.98,0.7772,2
87,171,166.30,217.20,187.67,242.45,0.8075,0
87,113,111.40,509.71,131.37,534.54,0.7433,0
87,142,145.51,501.28,167.59,530.23,0.7403,0
87,158,442.94,231.17,467.77,262.64,0.6806,1
87,120,196.55,467.93,237.33,501.06,0.6141,2
87,160,215.38,200.77,245.14,233.47,0.7942,2
87,188,71.86,480.31,92.32,506.37,0.5630,0
87,190,161.66,178.19,185.23,206.01,0.7696,0
87,141,582.98,902.60,606.65,925.90,0.7076,0
87,88,550.87,565.17,590.03,598.56,0.6470,2
87,186,109.29,177.96,129.87,204.66,0.7701,0
87,25,396.38,998.96,426.73,1039.10,0.7618,1
87,173,246.51,162.05,276.87,189.89,0.5788,0
87,196,453.15,16.98,481.89,55.13,0.7622,2
87,200,485.25,38.80,513.79,78.35,0.6503,0
87,52,627.27,968.36,646.52,989.70,0.6928,0
87,1,89.32,1072.96,114.21,1121.60,0.6765,0
87,115,87.05,487.06,113.68,517.80,0.7567,2
87,148,201.56,390.88,227.55,416.02,0.5664,0
87,122,89.30,435.25,130.13,467.55,0.6633,1
87,24,583.28,1011.04,610.07,1045.41,0.7571,2
87,151,512.85,255.93,538.79,290.40,0.5643,0
87,138,198.02,404.22,228.81,441.36,0.5815,0
87,86,524.89,647.01,556.64,679.55,0.8113,2
87,112,18.57,1195.28,39.82,1213.85,0.5664,0
87,174,397.02,169.82,426.22,194.34,0.7018,1
87,199,63.44,1161.57,97.45,1202.18,0.6449,0
87,92,408.04,588.95,443.65,628.19,0.6123,1
88,14,158.82,1248.35,184.04,1278.04,0.6119,0
88,75,467.35,661.65,500.33,700.98,0.8665,2
88,80,444.72,653.34,468.41,681.61,0.8435,0
88,49,499.57,869.46,533.57,923.25,0.6805,1
88,127,198.68,449.59,242.88,480.64,0.7554,2
88,166,401.28,214.96,437.54,248.40,0.8470,1
88,167,127.00,196.42,163.52,234.64,0.7781,2
88,171,165.88,227.40,186.39,253.16,0.5741,0
88,113,110.50,520.79,131.99,546.96,0.6824,0
88,142,145.53,513.71,167.23,542.06,0.7505,0
88,158,443.44,242.05,468.82,273.82,0.6601,1
88,120,196.51,480.09,237.02,513.23,0.6220,1
88,160,215.47,212.00,244.67,244.10,0.7940,2
88,188,71.76,491.55,91.87,517.91,0.5810,0
88,190,161.33,189.09,183.27,217.19,0.7970,0
88,141,584.15,917.62,607.21,940.80,0.6986,0
88,88,551.63,577.44,590.91,611.92,0.6996,2
88,186,108.49,189.24,128.99,215.52,0.5638,0
88,25,396.48,1015.30,425.40,1055.04,0.6658,1
88,173,246.09,173.24,276.12,200.76,0.6731,0
88,196,453.41,28.60,482.32,65.31,0.7980,2
88,200,485.90,50.83,513.91,88.27,0.7979,0
88,52,627.99,983.10,648.24,1005.15,0.6993,0
88,1,88.75,1088.03,113.28,1132.78,0.7546,0
88,115,86.27,499.38,112.74,529.79,0.6493,2
88,148,200.94,402.26,226.54,426.55,0.6860,0
88,122,88.71,446.56,127.23,479.71,0.7413,1
88,24,587.71,1028.17,610.72,1060.64,0.5799,2
88,151,513.29,267.86,539.48,302.38,0.6602,0
88,138,197.66,414.17,228.03,452.77,0.6021,0
88,86,525.70,659.43,557.41,692.70,0.7799,2
88,174,397.36,181.76,427.24,206.16,0.6222,1
88,199,62.82,1176.55,97.69,1219.56,0.7750,0
88,92,408.08,602.01,444.07,640.80,0.5290,2
88,154,466.94,268.65,485.08,290.28,0.5666,0
88,18,561.19,1081.13,581.50,1102.90,0.5839,0
88,175,542.55,212.01,569.88,240.92,0.7967,1
88,193,561.85,612.82,586.13,634.63,0.7198,0
88,48,183.70,857.16,207.58,892.98,0.6501,0
89,75,467.27,674.11,500.90,714.19,0.8601,2
89,80,445.16,666.38,467.68,694.78,0.8374,0
89,49,499.99,882.83,534.91,938.52,0.5442,1
89,127,201.13,461.29,242.28,491.98,0.8289,2
89,166,401.27,226.57,437.60,259.39,0.8524,1
89,167,125.74,206.99,163.14,244.98,0.7919,2
89,171,165.71,239.52,185.33,264.57,0.6841,0
89,113,109.42,533.63,129.40,559.27,0.6317,0
89,142,144.60,526.25,166.48,553.16,0.7673,0
89,158,444.08,252.87,468.97,285.48,0.5534,1
89,120,196.11,492.43,237.02,524.93,0.7443,1
89,160,215.44,222.43,244.60,255.89,0.7619,2
89,188,71.13,505.24,90.28,529.06,0.5675,0
89,190,161.21,199.32,183.16,227.72,0.5515,0
89,141,584.53,931.92,608.63,955.04,0.5627,0
89,88,547.19,589.07,592.03,624.96,0.7258,2
89,186,107.98,200.73,127.64,226.30,0.5727,0
89,25,396.61,1031.25,426.88,1070.59,0.5828,1
89,173,246.06,183.40,275.25,212.15,0.6191,0
89,196,453.28,38.92,481.67,75.24,0.8705,2
89,200,485.24,62.12,513.63,98.58,0.6136,0
89,52,627.51,997.98,649.02,1019.71,0.6774,0
89,1,88.05,1102.44,112.67,1145.84,0.7557,0
89,115,86.37,511.70,112.20,541.90,0.7481,2
89,148,200.60,413.99,226.03,437.17,0.6789,0
89,122,88.30,458.04,126.90,490.40,0.6277,1
89,24,586.46,1043.88,610.94,1074.82,0.6100,2
89,151,513.61,279.79,539.89,313.00,0.6222,0
89,138,198.29,430.15,227.19,465.87,0.7309,0
89,86,526.45,671.94,557.89,705.53,0.8461,2
89,174,397.55,193.03,427.25,217.02,0.5576,1
89,199,60.49,1191.86,96.28,1236.93,0.6653,0
89,18,560.76,1096.34,581.77,1119.05,0.6439,0
89,175,542.33,222.79,569.94,251.20,0.5785,1
89,48,182.90,872.12,208.02,907.00,0.5177,0
89,99,536.54,628.17,568.57,658.63,0.5628,0
89,57,70.34,846.97,97.06,879.77,0.5868,1
90,75,467.40,687.74,500.84,726.80,0.8571,2
90,80,445.38,679.22,468.23,707.37,0.8265,0
90,49,500.91,896.49,535.40,948.24,0.5619,1
90,127,199.61,472.78,241.69,503.28,0.8273,2
90,166,401.11,238.82,437.01,270.33,0.8231,1
90,167,125.62,218.22,162.54,256.05,0.7938,2
90,171,164.98,249.80,185.06,274.51,0.7778,0
90,113,108.69,544.86,128.02,569.89,0.5936,0
90,142,143.93,539.04,165.40,564.96,0.7654,0
90,158,444.52,264.61,468.53,296.70,0.5435,1
90,120,195.83,504.46,236.60,537.32,0.7562,1
90,160,215.63,232.98,243.74,266.25,0.5694,2
90,190,160.64,210.51,183.49,237.43,0.6041,0
90,141,584.65,946.43,609.49,969.20,0.5993,0
90,88,549.68,601.46,592.01,636.87,0.7972,2
90,25,395.61,1045.66,431.48,1084.84,0.7347,1
90,173,245.43,194.13,274.50,222.81,0.5106,0
90,196,453.26,49.77,481.75,85.22,0.8702,2
90,200,485.17,72.98,514.44,109.27,0.7084,1
90,52,629.02,1014.31,649.75,1034.45,0.5043,0
90,1,86.30,1117.10,110.98,1161.80,0.6788,0
90,115,85.46,523.24,111.92,553.02,0.7731,2
90,122,87.28,469.85,124.22,501.47,0.6861,1
90,24,588.37,1056.29,612.25,1089.97,0.7045,2
90,151,512.87,291.61,540.32,323.44,0.6080,0
90,138,197.73,443.05,225.69,475.98,0.5050,0
90,86,527.35,683.99,558.01,718.41,0.8419,2
90,174,397.12,203.41,426.80,227.18,0.5612,1
90,199,60.88,1207.12,94.60,1246.64,0.6853,0
90,18,561.37,1109.49,583.01,1135.52,0.6223,0
90,175,542.48,233.26,569.81,262.54,0.5843,1
90,48,181.33,885.10,207.89,922.27,0.5338,0
90,99,538.94,643.53,572.73,671.11,0.5678,0
90,57,69.20,862.52,96.41,893.19,0.6447,1
90,97,69.05,1249.65,91.48,1269.49,0.5550,0
90,123,503.10,1190.21,529.09,1214.45,0.5110,0
90,29,190.81,945.31,218.60,972.49,0.6725,0
90,92,408.19,624.86,443.53,665.63,0.6377,2
90,193,559.41,640.33,586.27,663.90,0.5757,0
91,75,467.51,701.27,500.96,739.99,0.8527,2
91,80,445.53,692.03,468.25,720.45,0.7545,0
91,127,201.01,484.24,240.92,515.56,0.8426,2
91,166,400.77,249.32,436.23,281.66,0.8294,1
91,167,126.12,230.00,160.93,266.44,0.8360,2
91,171,164.35,260.32,183.92,285.32,0.7796,0
91,142,144.52,551.75,164.82,577.09,0.7793,0
91,158,443.74,276.67,468.90,307.13,0.7245,1
91,120,194.38,516.42,235.64,549.81,0.6588,2
91,160,214.49,243.78,242.59,277.06,0.6533,2
91,88,552.08,614.77,591.59,649.25,0.7327,2
91,25,395.06,1060.34,430.98,1099.56,0.7485,1
91,173,245.00,206.07,273.71,233.83,0.5904,0
91,196,453.35,59.67,481.53,96.06,0.8616,2
91,200,485.15,82.04,514.59,119.02,0.7781,1
91,115,84.30,537.96,110.87,564.26,0.6926,2
91,151,512.86,299.47,540.29,334.47,0.7446,0
91,86,528.19,696.16,558.38,730.89,0.8178,2
91,174,396.84,214.05,426.65,238.29,0.6072,1
91,18,561.38,1126.62,583.37,1152.12,0.5282,0
91,175,541.93,242.79,570.12,273.59,0.8117,1
91,99,538.96,658.66,578.73,685.19,0.6568,0
91,123,503.46,1206.42,528.31,1230.93,0.6309,0
91,29,189.99,959.25,218.42,986.73,0.5648,0
91,92,408.05,637.42,443.16,679.22,0.6435,2
91,187,414.29,544.46,433.90,567.99,0.5062,0
91,203,84.06,197.65,105.26,217.39,0.5810,0
91,154,466.70,299.22,484.75,323.99,0.5312,0
91,188,68.07,526.43,89.09,552.56,0.6556,0
91,186,106.65,219.84,126.94,248.10,0.5920,0
92,75,467.46,714.27,500.44,752.46,0.8537,2
92,80,445.52,705.70,468.20,733.15,0.8010,0
92,127,199.53,495.68,240.52,528.09,0.8360,2
92,166,400.72,260.88,436.95,293.45,0.8311,1
92,167,124.23,240.77,159.99,277.78,0.8537,2
92,171,162.67,271.03,183.30,296.58,0.7748,0
92,142,144.21,563.20,163.85,589.04,0.7337,0
92,158,442.99,287.48,468.66,318.30,0.6803,1
92,120,193.79,528.93,234.77,561.97,0.6222,2
92,160,213.45,255.71,241.59,288.63,0.7317,2
92,88,553.38,627.19,591.42,661.64,0.7627,2
92,25,394.13,1076.40,429.16,1114.04,0.8048,1
92,173,244.34,216.82,274.15,244.44,0.7194,0
92,196,453.23,69.20,482.46,105.44,0.8644,2
92,200,485.25,91.99,514.68,128.92,0.6750,0
92,115,83.78,549.98,109.95,577.77,0.7614,2
92,151,513.21,310.69,540.34,345.10,0.7492,0
92,86,528.10,709.61,558.42,743.79,0.8398,2
92,174,396.68,224.59,427.29,249.91,0.6709,1
92,175,541.87,253.66,570.53,284.16,0.7966,1
92,99,541.33,675.13,578.74,697.92,0.6200,0
92,123,503.71,1222.62,528.14,1246.98,0.7365,0
92,92,407.63,650.89,442.49,691.63,0.7019,2
92,214,193.63,529.34,236.10,561.95,0.6111,1
92,215,381.69,1.99,424.09,35.42,0.6492,2
92,187,414.19,557.04,433.44,580.56,0.5638,0
92,203,83.29,208.36,103.94,227.52,0.5602,0
92,188,66.07,537.46,87.76,564.77,0.6262,0
92,186,105.26,230.34,125.92,259.14,0.5816,0
92,178,557.88,1022.30,584.24,1054.46,0.5551,0
92,49,501.63,925.94,535.37,980.09,0.5393,1
92,190,158.31,230.06,182.48,258.60,0.6609,0
92,52,629.25,1045.24,651.07,1065.16,0.5456,0
92,1,82.64,1149.37,108.79,1191.08,0.7133,0
92,199,57.54,1238.33,90.82,1279.21,0.6893,0
92,57,66.89,890.71,92.32,921.32,0.5168,1
93,75,467.50,727.23,500.95,766.12,0.8703,2
93,80,445.61,717.88,467.83,746.53,0.6871,0
93,127,199.40,508.14,240.01,540.35,0.8483,2
93,166,400.94,271.62,437.23,304.68,0.8496,1
93,167,122.81,251.78,159.49,289.26,0.8473,2
93,171,161.51,283.40,182.87,308.13,0.7854,0
93,142,143.78,576.43,162.85,601.68,0.7720,0
93,158,442.63,298.71,468.06,329.26,0.7858,1
93,120,193.03,541.93,234.16,574.24,0.8168,2
93,160,212.25,267.23,241.30,299.70,0.7986,2
93,88,552.53,639.37,591.91,674.70,0.7519,2
93,25,393.68,1091.24,428.90,1129.81,0.7482,1
93,173,243.17,227.43,273.62,255.21,0.7653,0
93,196,453.10,79.77,482.85,115.23,0.8776,2
93,200,484.88,102.76,513.41,138.82,0.6378,1
93,115,82.27,563.88,108.98,590.90,0.7519,2
93,151,513.57,322.62,540.26,356.69,0.7102,0
93,86,528.21,723.50,559.04,756.52,0.8340,2
93,174,396.82,236.21,427.37,261.53,0.6349,1
93,175,541.42,265.00,571.05,294.99,0.7368,1
93,99,544.87,690.25,579.63,711.67,0.7040,0
93,123,504.15,1238.70,528.52,1263.17,0.5608,0
93,92,406.95,664.11,443.01,704.61,0.7614,2
93,215,382.24,8.53,424.12,44.61,0.6721,2
93,203,82.86,219.03,101.93,238.03,0.6301,0
93,188,64.87,551.27,86.80,577.48,0.6484,0
93,186,103.21,241.33,124.39,269.51,0.7257,0
93,216,527.13,74.59,554.63,106.88,0.5229,1
93,217,245.58,175.63,264.41,196.29,0.6654,0
93,218,173.18,8.73,196.50,36.40,0.6391,0
93,220,145.35,32.25,163.24,53.13,0.5437,0
93,178,557.80,1038.22,584.78,1070.12,0.5235,0
93,49,501.55,940.29,535.61,989.34,0.6315,2
93,190,157.13,243.09,180.52,268.71,0.5063,0
93,52,629.65,1061.46,651.42,1081.50,0.5860,0
93,1,80.87,1164.83,106.90,1205.65,0.6314,0
93,199,59.40,1254.70,90.02,1280.00,0.5967,0
93,57,65.29,906.79,89.67,935.47,0.5348,1
93,102,583.23,1252.67,605.92,1277.86,0.5867,0
93,148,197.94,460.90,222.50,483.30,0.6029,0
93,141,586.76,989.66,610.04,1013.95,0.5927,0
93,24,590.94,1105.40,613.29,1135.86,0.6699,2
93,138,197.34,471.51,222.25,504.72,0.5395,0
94,75,467.60,740.48,501.05,779.03,0.8551,2
94,80,445.36,731.27,468.44,759.67,0.7662,0
94,127,199.56,520.19,239.22,552.88,0.8360,2
94,166,400.94,283.76,437.08,315.92,0.8526,1
94,167,121.55,261.60,158.12,300.73,0.8470,2
94,171,160.60,296.00,182.63,318.98,0.7002,0
94,142,143.29,587.50,161.96,613.71,0.7369,0
94,158,442.44,309.74,467.71,340.81,0.7762,1
94,120,191.73,554.68,234.87,586.66,0.6248,1
94,160,211.77,278.91,241.25,310.70,0.7843,2
94,88,553.87,651.69,591.71,687.47,0.7856,2
94,25,393.90,1108.06,430.71,1145.35,0.7782,1
94,173,242.58,238.66,273.05,265.26,0.6974,0
94,196,453.09,89.99,482.22,125.64,0.8635,2
94,200,484.97,113.23,512.75,149.55,0.7515,0
94,115,81.98,575.74,107.01,603.46,0.7967,2
94,151,513.41,334.52,540.12,367.87,0.6732,0
94,86,528.86,736.49,559.23,769.87,0.8505,2
94,174,396.29,247.47,427.04,272.44,0.5683,1
94,175,541.22,277.38,571.56,305.69,0.5517,2
94,99,543.01,698.21,584.64,724.35,0.7079,0
94,123,504.40,1254.21,528.55,1278.82,0.6291,0
94,92,407.01,677.01,442.90,717.33,0.7681,2
94,215,381.67,16.21,423.75,53.37,0.6861,2
94,188,64.07,563.96,85.57,590.13,0.6927,0
94,186,102.15,252.88,123.31,281.09,0.7597,0
94,217,245.09,186.74,264.19,208.01,0.5945,0
94,218,172.08,18.56,195.48,45.68,0.5758,0
94,220,144.03,41.24,162.52,62.94,0.6813,0
94,178,558.19,1055.10,585.16,1086.00,0.6879,0
94,49,501.15,955.01,535.81,1006.84,0.6853,1
94,190,156.23,252.20,178.82,280.16,0.5100,0
94,52,630.44,1076.88,651.56,1096.89,0.5958,0
94,221,369.47,3.55,399.20,25.01,0.7032,0
94,24,591.40,1121.57,613.90,1152.83,0.6923,2
94,113,102.61,596.60,120.77,620.30,0.5098,0
94,122,81.66,520.45,119.01,551.33,0.5404,1
94,154,466.72,337.21,484.29,358.72,0.5054,0
95,75,467.46,753.30,500.91,792.43,0.8602,2
95,80,444.66,745.22,468.30,772.96,0.7609,0
95,127,196.62,532.17,238.28,565.53,0.8417,2
95,166,401.00,294.71,435.85,327.20,0.8559,1
95,167,120.26,272.02,157.15,311.79,0.8233,2
95,171,158.22,307.55,181.08,329.39,0.6321,0
95,142,142.02,600.11,160.91,626.21,0.6357,0
95,158,442.47,320.95,467.67,352.00,0.7062,1
95,120,189.77,567.06,233.26,599.38,0.8019,2
95,160,211.20,289.59,240.95,321.30,0.7952,2
95,88,554.01,664.94,592.29,700.40,0.7765,2
95,25,393.27,1122.61,431.98,1162.76,0.8045,1
95,173,241.21,249.78,272.22,276.11,0.6398,0
95,196,453.00,101.20,481.99,135.85,0.8457,2
95,200,484.93,123.49,513.17,160.03,0.6409,1
95,115,80.49,586.76,105.41,615.30,0.7266,2
95,151,512.85,342.24,540.36,379.89,0.5917,0
95,86,528.91,749.41,559.59,783.25,0.8393,2
95,174,396.32,259.21,426.96,283.21,0.7162,1
95,175,541.72,286.15,571.06,316.87,0.7037,1
95,99,542.70,710.14,586.69,737.36,0.6581,0
95,92,407.05,690.92,443.13,730.24,0.7980,2
95,215,381.40,26.30,426.11,63.64,0.5168,2
95,188,63.37,576.65,84.55,602.65,0.6972,0
95,186,101.50,264.33,122.29,292.02,0.7981,0
95,218,170.96,27.22,193.47,54.76,0.5265,0
95,220,142.70,50.27,161.76,72.45,0.6501,0
95,49,501.43,969.33,535.80,1023.48,0.7517,1
95,190,153.99,260.14,176.89,292.33,0.6200,0
95,52,630.49,1093.09,652.64,1112.94,0.5977,0
95,221,370.08,12.14,400.89,35.24,0.7204,0
95,222,126.33,1.95,154.02,27.52,0.6283,0
95,122,80.15,532.94,120.98,564.33,0.5211,1
95,154,465.95,343.60,485.94,369.25,0.5992,0
95,48,175.11,959.22,200.50,995.95,0.6355,0
95,141,587.33,1018.88,610.27,1044.08,0.7285,0
96,75,467.40,766.18,501.00,806.42,0.8526,2
96,80,444.15,758.03,468.56,786.03,0.7893,0
96,127,195.56,544.56,237.31,577.23,0.8244,2
96,166,400.27,306.51,435.39,338.44,0.8739,1
96,167,118.71,283.60,156.19,322.69,0.8134,2
96,171,156.58,316.28,180.05,340.45,0.6691,0
96,142,141.08,612.48,159.24,638.07,0.5120,0
96,158,442.55,333.30,467.02,363.16,0.6332,1
96,120,189.05,579.16,231.44,610.99,0.7158,1
96,160,210.61,301.22,240.38,332.57,0.7873,2
96,88,552.18,677.66,592.56,713.42,0.7887,2
96,25,392.89,1139.00,428.46,1178.68,0.7983,1
96,196,452.66,110.57,481.69,146.76,0.8183,2
96,200,485.08,134.35,514.12,170.25,0.5198,1
96,115,78.34,599.85,103.64,626.92,0.6708,2
96,151,512.90,355.91,540.33,391.48,0.6567,0
96,86,528.98,762.59,559.83,797.39,0.8486,2
96,174,395.66,270.69,427.08,295.48,0.6418,1
96,175,541.85,298.26,571.33,327.54,0.6202,1
96,99,541.55,721.90,587.88,751.25,0.7064,0
96,92,406.75,703.40,443.96,743.17,0.7940,2
96,215,380.60,36.57,425.44,77.68,0.6024,2
96,188,60.97,590.51,82.64,615.49,0.6833,0
96,186,101.00,271.84,120.64,302.43,0.7811,0
96,218,169.28,37.43,192.05,65.02,0.5169,0
96,190,153.34,273.19,176.20,304.63,0.5878,0
96,52,627.80,1109.35,652.89,1129.28,0.6029,0
96,221,368.36,20.25,401.44,45.46,0.7914,0
96,222,125.64,5.07,151.49,38.30,0.6257,0
96,122,79.64,545.74,119.43,575.72,0.5567,1
96,154,466.12,358.96,484.74,381.46,0.5019,0
96,224,466.56,600.43,494.47,628.55,0.6410,0
96,216,527.76,105.40,555.68,137.54,0.6621,1
96,1,77.26,1212.98,102.17,1259.67,0.6144,0
96,148,194.72,495.90,220.46,519.46,0.6070,0
96,24,590.71,1153.11,615.51,1185.93,0.6379,2
97,75,467.24,779.19,500.74,821.15,0.8454,2
97,80,443.81,771.54,468.17,799.84,0.7782,0
97,127,192.51,556.47,236.32,589.78,0.8365,2
97,166,400.01,318.48,435.86,349.18,0.8477,1
97,167,117.32,295.08,154.90,333.13,0.8265,2
97,171,154.99,326.70,179.66,352.02,0.7732,0
97,120,187.85,592.24,230.26,623.33,0.7623,1
97,160,209.13,312.27,239.39,344.26,0.7781,2
97,88,553.81,689.67,592.73,726.09,0.8311,2
97,25,391.67,1155.34,427.53,1193.94,0.7005,1
97,196,452.50,120.18,481.98,156.13,0.8239,2
97,200,485.17,143.46,514.05,180.69,0.5373,0
97,115,78.27,612.98,101.63,640.04,0.5780,2
97,151,513.42,368.78,540.51,403.13,0.6577,0
97,86,528.47,774.95,559.51,811.19,0.8256,2
97,175,542.13,308.57,571.31,339.27,0.7203,1
97,99,539.71,733.41,587.80,764.09,0.6408,0
97,92,405.98,716.03,444.48,756.70,0.8098,2
97,215,380.79,44.83,427.61,84.47,0.5636,2
97,188,58.78,603.14,81.47,626.77,0.8194,0
97,186,100.74,282.46,119.72,312.97,0.7698,0
97,221,367.73,29.07,401.17,54.55,0.7667,0
97,154,464.85,369.70,485.46,393.17,0.5975,0
97,224,466.13,611.92,495.41,641.53,0.6541,0
97,225,366.12,1146.55,391.05,1168.96,0.6752,0
97,216,528.20,114.97,555.51,147.27,0.5520,1
97,1,75.76,1228.20,99.78,1277.22,0.7012,0
97,148,193.60,509.05,219.67,531.60,0.5498,0
97,18,559.85,1224.10,585.82,1251.47,0.6970,0
97,29,181.58,1048.57,210.09,1077.60,0.6967,0
97,187,412.97,620.64,432.84,644.40,0.5722,0
97,173,238.39,270.83,271.02,299.10,0.7307,0
97,49,500.87,996.60,536.11,1052.60,0.5359,2
97,141,588.36,1048.56,612.20,1075.10,0.8004,0
98,75,466.91,792.99,500.38,834.17,0.8474,2
98,80,443.23,784.91,467.60,813.58,0.8200,0
98,127,192.43,568.81,235.08,602.56,0.8359,2
98,166,399.02,330.29,435.29,360.96,0.8355,1
98,167,115.72,307.15,154.02,343.96,0.8198,2
98,171,154.95,338.59,178.57,363.37,0.6314,0
98,120,187.81,605.79,229.65,635.82,0.7816,1
98,160,208.98,323.33,237.88,354.99,0.7954,2
98,88,555.16,701.98,593.19,738.10,0.8333,2
98,25,391.08,1172.89,424.08,1211.78,0.7622,1
98,196,452.47,130.24,482.82,166.16,0.8311,2
98,200,485.43,154.48,513.63,190.57,0.6912,0
98,151,513.37,377.74,540.56,414.92,0.7324,0
98,86,529.04,789.65,560.21,824.96,0.8203,2
98,175,542.76,320.47,571.36,350.07,0.7679,1
98,99,540.66,742.18,587.67,777.06,0.5621,0
98,92,405.56,728.91,444.13,769.66,0.7960,2
98,215,380.07,54.16,426.55,91.73,0.6403,2
98,188,56.85,615.73,81.17,639.49,0.6319,0
98,186,98.29,292.83,118.83,323.75,0.8141,0
98,221,367.61,39.17,400.76,63.54,0.7638,0
98,154,465.17,383.76,484.49,405.24,0.6227,0
98,224,464.73,623.59,495.52,654.52,0.6093,0
98,225,365.19,1164.27,389.25,1185.05,0.5640,0
98,148,192.86,522.02,218.16,544.43,0.5270,0
98,18,559.80,1245.90,584.89,1269.29,0.6816,0
98,29,179.97,1063.02,209.14,1093.00,0.7700,0
98,173,237.87,281.32,270.41,310.07,0.6183,0
98,141,588.08,1062.00,613.73,1091.74,0.8368,0
98,203,75.49,271.94,95.02,291.72,0.5273,0
98,138,192.36,540.15,219.72,569.07,0.5293,0
98,178,559.47,1122.89,586.20,1152.46,0.5700,0
98,113,98.66,644.43,118.49,667.68,0.7964,0
98,220,140.24,79.69,157.28,102.25,0.6428,0
98,48,172.45,1004.80,199.62,1039.45,0.6177,0
98,142,135.52,635.09,156.71,664.72,0.5911,0
98,158,443.02,358.31,466.38,386.56,0.5824,1
98,174,395.02,292.12,427.24,317.69,0.6397,1
98,218,166.78,55.60,190.65,83.91,0.6498,0
98,122,76.53,571.74,116.01,599.82,0.5373,1
98,24,593.44,1188.27,616.11,1217.46,0.5998,2
99,75,467.01,807.12,501.13,848.81,0.8498,2
99,80,442.77,799.43,467.70,827.79,0.7557,0
99,127,186.44,581.41,234.40,615.92,0.8249,2
99,166,398.17,342.21,434.68,372.77,0.7733,1
99,167,114.59,318.24,152.90,354.79,0.8145,2
99,171,154.17,350.72,176.82,374.15,0.6665,0
99,120,186.80,617.89,228.78,648.69,0.7966,1
99,160,207.23,334.45,235.96,366.89,0.7950,2
99,88,555.73,714.01,593.68,751.49,0.8153,2
99,25,390.50,1188.48,425.02,1230.79,0.6829,1
99,196,452.14,141.49,482.18,176.66,0.8349,2
99,200,484.27,165.73,512.27,200.62,0.6621,0
99,151,513.11,389.05,540.31,425.71,0.6956,0
99,86,528.77,801.96,560.37,838.34,0.8049,2
99,175,542.36,331.58,571.61,361.63,0.7251,1
99,99,541.04,753.83,588.38,790.78,0.5930,0
99,92,405.13,741.79,445.13,784.61,0.8234,2
99,215,378.88,65.09,425.74,103.48,0.7605,2
99,188,55.46,628.47,78.97,652.76,0.6497,0
99,186,96.61,304.63,117.95,334.91,0.7841,0
99,221,367.58,49.87,399.07,73.86,0.7508,0
99,154,464.12,394.07,484.75,417.64,0.5854,0
99,224,464.06,637.22,495.43,667.64,0.5348,0
99,141,588.01,1077.47,613.97,1106.96,0.7974,0
99,113,96.88,656.68,116.45,679.85,0.7383,0
99,220,139.83,89.10,156.11,111.17,0.5729,0
99,142,133.42,648.17,155.11,676.90,0.6545,0
99,158,442.49,370.43,466.62,399.03,0.6638,1
99,174,394.73,303.32,426.59,329.25,0.5849,1
99,190,149.42,309.70,172.43,335.49,0.6470,0
99,115,75.79,638.69,98.35,666.33,0.5515,2
99,49,501.23,1027.22,535.81,1080.56,0.5174,1
100,75,467.10,821.92,500.48,864.09,0.8706,2
100,80,442.17,815.98,466.75,841.67,0.7786,0
100,127,183.71,594.43,233.09,628.37,0.8104,2
100,166,397.50,353.59,433.56,385.07,0.7712,1
100,167,113.29,330.01,151.75,366.87,0.8025,2
100,171,152.69,363.28,174.98,385.72,0.6637,0
100,120,184.82,630.42,227.52,661.52,0.6396,2
100,160,205.57,346.32,234.06,378.80,0.6928,2
100,88,556.38,728.03,593.85,764.36,0.8162,2
100,25,389.81,1206.75,425.87,1247.65,0.6313,1
100,196,451.35,150.71,482.15,187.02,0.8455,2
100,200,484.15,176.93,512.65,212.16,0.6679,1
100,151,513.01,399.63,540.14,437.45,0.6591,0
100,86,529.02,817.07,560.13,852.30,0.7604,2
100,175,542.57,343.58,571.52,373.35,0.6832,1
100,92,404.15,756.06,444.24,798.96,0.8449,2
100,215,377.60,74.97,425.32,112.95,0.7453,2
100,188,53.58,641.40,78.36,666.75,0.5864,0
100,186,95.59,316.89,115.31,345.59,0.7535,0
100,221,366.30,59.98,398.88,84.96,0.7941,0
100,154,463.59,402.88,484.38,429.27,0.6628,0
100,141,588.28,1094.15,613.76,1122.02,0.5947,0
100,113,95.42,670.21,114.38,692.38,0.5724,0
100,220,138.21,100.19,154.78,121.15,0.7066,0
100,142,132.56,661.87,153.36,689.92,0.7143,0
100,158,441.87,382.37,466.84,411.40,0.7851,1
100,174,394.22,314.29,426.48,341.07,0.6099,1
100,115,72.00,652.17,97.80,677.93,0.7179,2
100,49,500.96,1043.30,536.07,1096.75,0.7132,2
100,148,191.91,546.28,217.05,569.53,0.5747,0
100,173,236.70,303.84,267.90,332.79,0.5449,0
100,218,165.60,76.36,187.70,104.55,0.7165,0
101,75,466.89,837.37,500.77,878.67,0.8677,2
101,80,442.11,831.84,466.23,855.80,0.7974,0
101,127,181.00,607.20,231.49,642.11,0.8471,2
101,166,396.94,366.15,433.28,397.39,0.7990,1
101,167,111.19,340.65,150.01,379.17,0.8399,2
101,171,151.70,374.67,173.04,398.08,0.7296,0
101,120,183.55,643.43,226.14,675.10,0.7290,2
101,160,203.71,358.28,233.16,390.94,0.8216,2
101,88,556.73,742.56,594.03,778.14,0.8221,2
101,25,388.77,1224.66,424.85,1264.79,0.7446,1
101,196,450.78,159.63,482.26,198.11,0.7107,2
101,200,484.55,186.43,513.16,223.09,0.5012,0
101,151,512.68,413.01,540.18,449.74,0.7765,0
101,86,528.92,831.93,560.15,866.37,0.6278,2
101,92,402.69,771.11,442.36,812.85,0.8443,2
101,215,376.68,85.88,422.74,122.61,0.7323,2
101,188,51.93,652.85,75.62,679.00,0.6321,0
101,186,93.05,328.39,112.79,357.44,0.6859,0
101,221,366.00,69.94,399.45,95.33,0.8203,0
101,154,463.79,416.64,483.83,441.64,0.5641,0
101,141,588.83,1113.04,613.76,1138.40,0.6674,0
101,113,92.73,685.03,112.99,706.42,0.5381,0
101,220,136.07,110.59,153.31,130.86,0.5208,0
101,142,131.65,676.36,151.86,703.41,0.7854,0
101,158,441.59,394.52,466.44,423.42,0.7798,1
101,174,393.77,326.09,425.81,352.73,0.6181,1
101,115,69.37,663.65,96.42,692.06,0.7586,2
101,230,389.94,34.22,416.38,63.62,0.5465,2
101,231,435.73,670.00,457.87,699.01,0.6008,0
101,148,191.03,559.49,216.02,581.97,0.6187,0
101,218,164.09,86.44,186.22,114.70,0.6007,0
101,216,528.32,154.54,555.86,187.93,0.6081,1
101,29,176.86,1112.37,204.55,1140.76,0.7729,0
101,224,463.38,664.75,495.47,693.22,0.5381,0
102,75,466.63,851.48,500.92,893.08,0.8616,2
102,80,442.30,845.78,466.17,872.32,0.8025,0
102,127,179.10,620.28,230.36,655.40,0.8190,2
102,166,396.36,377.67,433.87,410.12,0.7985,1
102,167,110.11,351.35,147.89,391.35,0.8466,2
102,171,151.57,388.15,171.49,410.33,0.5179,0
102,120,182.22,656.59,224.77,689.18,0.8009,2
102,160,202.09,370.48,232.71,403.05,0.7982,2
102,88,556.83,756.46,594.19,792.47,0.8309,2
102,25,389.21,1241.56,430.16,1280.00,0.5644,1
102,196,450.48,170.58,482.18,209.14,0.7702,2
102,200,484.78,196.70,513.68,234.04,0.7427,0
102,151,512.50,424.21,539.81,461.76,0.7548,0
102,86,529.26,845.81,560.13,881.28,0.8029,2
102,92,401.89,787.13,441.23,826.78,0.8005,2
102,215,376.25,95.51,423.27,133.71,0.7423,2
102,188,51.01,664.43,73.89,691.40,0.8159,0
102,186,90.89,339.63,110.76,369.89,0.7953,0
102,221,364.91,80.17,399.94,104.71,0.7721,0
102,154,462.59,429.58,483.29,454.56,0.5864,0
102,141,589.06,1128.00,614.03,1155.86,0.7329,0
102,142,131.17,690.59,150.30,716.80,0.6547,0
102,158,441.20,406.72,465.84,435.74,0.6755,1
102,174,393.34,338.26,425.64,364.78,0.6211,1
102,115,67.03,676.69,93.64,705.76,0.7840,2
102,231,435.40,683.35,457.54,712.36,0.5368,0
102,148,190.69,572.15,214.56,594.58,0.5602,0
102,218,164.64,94.90,185.00,124.24,0.5841,0
102,235,230.89,21.38,256.78,40.47,0.6719,0
102,216,528.87,166.23,555.83,198.68,0.7637,1
102,217,236.43,279.08,256.42,298.96,0.5562,0
102,122,68.29,623.85,106.59,652.80,0.5108,1
102,175,543.04,365.60,571.93,396.12,0.6448,1
102,49,500.55,1075.07,536.46,1128.98,0.7061,2
102,173,234.14,327.84,265.94,356.47,0.7624,0
103,75,466.37,867.41,500.03,907.64,0.8634,2
103,80,442.19,860.82,466.26,887.68,0.7789,0
103,127,177.02,633.27,229.05,668.93,0.8312,2
103,166,395.89,389.79,434.33,422.95,0.7786,1
103,167,108.23,362.86,147.11,403.55,0.8327,2
103,171,148.00,399.06,170.44,423.02,0.7949,0
103,120,179.66,669.91,223.65,703.54,0.7862,2
103,160,201.12,382.24,232.27,415.83,0.8316,2
103,88,556.00,770.57,594.49,806.76,0.8276,2
103,196,449.63,182.60,482.23,220.52,0.5418,1
103,200,485.05,206.98,513.75,244.48,0.7808,0
103,151,512.66,434.77,539.99,474.11,0.7504,0
103,86,529.37,860.70,560.42,896.26,0.8398,2
103,92,401.70,802.27,440.74,840.67,0.7262,2
103,215,375.97,106.90,421.46,143.74,0.7275,2
103,188,48.49,677.28,72.37,705.40,0.8738,0
103,186,88.99,351.87,108.77,382.29,0.7769,0
103,221,363.75,90.53,399.56,115.35,0.6758,0
103,141,589.18,1145.08,614.64,1172.86,0.5296,0
103,142,129.12,705.50,148.07,731.24,0.5748,0
103,158,440.88,418.96,465.98,447.89,0.5970,1
103,174,392.65,350.96,426.08,376.63,0.5877,1
103,115,65.40,691.85,93.05,719.22,0.7480,2
103,231,434.23,696.51,457.82,726.68,0.5227,0
103,148,187.79,586.15,212.90,607.67,0.5543,0
103,218,162.35,106.15,185.30,134.52,0.6288,0
103,235,231.29,31.60,256.39,51.17,0.6611,0
103,175,543.60,378.92,572.34,408.45,0.7146,1
103,49,499.70,1089.04,536.39,1149.51,0.5732,2
103,173,232.82,340.15,265.04,368.58,0.7839,0
103,222,115.59,67.32,147.54,108.42,0.5039,0
103,187,409.41,702.10,430.28,725.74,0.5228,0
103,220,132.60,131.17,150.80,152.55,0.5519,0
103,230,388.90,55.42,417.91,86.14,0.5356,2
103,224,462.35,690.93,494.51,724.43,0.5560,0
104,75,465.93,882.19,499.37,922.54,0.8456,2
104,80,442.24,875.44,466.24,902.44,0.8128,0
104,127,176.26,646.79,228.14,682.20,0.8388,2
104,166,395.44,402.03,434.02,435.70,0.7790,1
104,167,106.78,376.33,145.79,416.66,0.8252,2
104,171,145.06,412.60,170.02,435.27,0.6098,0
104,120,177.94,684.34,222.71,717.63,0.6974,1
104,160,200.45,393.92,231.43,427.39,0.8171,2
104,88,554.37,784.70,594.84,822.13,0.8362,2
104,196,449.24,195.41,482.33,232.25,0.7477,2
104,200,485.01,218.81,513.68,255.88,0.8234,0
104,151,512.79,445.94,539.68,486.43,0.7311,0
104,86,528.80,875.31,560.99,911.67,0.7558,2
104,92,401.12,816.62,440.93,856.81,0.7973,2
104,215,375.89,118.31,421.21,153.59,0.7820,2
104,188,46.27,691.30,71.75,719.49,0.8493,0
104,186,87.68,361.92,105.53,393.82,0.7371,0
104,221,361.97,101.37,398.76,126.76,0.7462,0
104,141,590.13,1164.39,613.97,1189.31,0.5028,0
104,142,126.85,720.28,145.75,745.07,0.5681,0
104,174,391.97,363.49,424.33,389.45,0.6746,1
104,115,62.82,706.00,90.68,732.82,0.6481,2
104,231,432.83,710.74,457.31,741.17,0.5585,0
104,148,186.27,600.51,211.26,621.06,0.5240,0
104,235,230.79,41.62,254.12,62.78,0.7119,0
104,175,542.91,390.96,572.58,419.40,0.7959,1
104,49,499.61,1105.96,536.60,1165.15,0.6612,2
104,173,231.96,352.44,264.12,380.82,0.7307,0
104,237,421.58,1179.60,465.30,1230.46,0.7490,0
104,222,113.98,78.33,144.25,117.49,0.5164,0
104,220,130.71,141.56,149.85,163.05,0.5298,0
104,230,388.38,67.65,415.59,97.76,0.5864,2
104,138,181.20,623.86,209.42,648.44,0.5567,0
105,75,465.10,897.10,498.48,938.83,0.8428,2
105,80,441.32,890.65,465.48,917.00,0.7805,0
105,127,176.37,660.98,227.98,696.52,0.8256,2
105,166,394.99,414.71,433.79,448.07,0.8088,1
105,167,104.86,388.50,144.47,429.02,0.8468,2
105,171,144.05,425.01,169.14,447.65,0.6850,0
105,120,175.80,698.42,221.23,730.99,0.7372,1
105,160,199.55,406.75,230.36,440.10,0.8238,2
105,88,555.17,799.28,594.92,837.41,0.8234,2
105,196,448.95,207.06,481.54,242.15,0.7220,2
105,200,485.02,230.86,512.19,267.23,0.7967,0
105,151,512.80,458.41,539.56,498.47,0.7167,0
105,86,528.27,889.85,560.76,927.46,0.8004,2
105,92,400.33,831.47,440.72,871.93,0.8103,2
105,215,375.82,128.60,421.89,164.59,0.7540,2
105,188,44.78,705.11,70.02,732.48,0.7449,0
105,186,86.40,371.23,104.63,405.25,0.7610,0
105,221,361.78,111.91,396.82,137.41,0.8040,0
105,141,589.66,1180.40,614.07,1206.65,0.7536,0
105,142,125.26,733.98,144.68,759.33,0.5948,0
105,174,391.28,375.42,423.49,401.03,0.6593,1
105,115,60.84,718.55,88.08,746.73,0.5371,2
105,235,230.84,51.33,253.35,72.28,0.6660,0
105,49,499.31,1122.21,535.99,1186.32,0.6780,2
105,173,230.97,364.81,263.20,392.88,0.6567,0
105,237,422.26,1197.90,465.67,1248.12,0.6943,0
105,222,111.93,89.54,140.84,128.35,0.5760,0
105,220,129.06,152.60,148.10,174.49,0.5133,0
105,138,179.38,636.59,209.37,661.23,0.7435,0
105,113,83.69,737.72,104.90,763.53,0.6273,0
106,75,465.07,912.23,498.52,954.52,0.8660,2
106,80,441.43,906.33,464.76,932.66,0.7850,0
106,127,175.20,674.71,225.39,709.70,0.8209,2
106,166,394.60,427.35,432.94,460.75,0.8123,1
106,167,103.51,398.97,143.11,441.89,0.8433,2
106,171,141.48,436.60,168.37,459.67,0.6741,0
106,120,174.66,712.68,218.98,744.44,0.7355,1
106,160,198.67,418.77,229.36,451.82,0.7864,2
106,88,555.36,814.46,594.39,852.50,0.7449,2
106,196,448.83,218.85,481.22,253.53,0.5999,2
106,200,484.12,241.97,511.96,279.03,0.8142,0
106,151,512.54,475.60,538.94,510.69,0.7338,0
106,86,527.67,905.05,560.54,941.91,0.8299,2
106,92,399.25,848.61,439.29,886.74,0.7925,2
106,215,375.73,141.89,418.94,175.76,0.7769,2
106,188,41.43,717.43,71.87,745.42,0.5954,0
106,186,84.55,386.90,103.88,417.24,0.7446,0
106,221,361.41,122.63,397.06,149.09,0.8439,0
106,141,589.43,1196.29,614.21,1223.84,0.7396,0
106,142,122.87,746.20,143.58,772.96,0.6980,0
106,174,390.67,387.68,422.60,413.13,0.7467,1
106,235,229.15,61.98,252.43,83.05,0.5305,0
106,49,499.06,1138.49,535.92,1202.53,0.7221,2
106,173,229.25,376.64,261.76,404.82,0.6494,0
106,237,420.50,1214.07,466.59,1266.83,0.6611,0
106,222,110.82,101.08,140.13,140.12,0.6823,0
106,138,176.62,648.82,208.37,675.52,0.5075,0
106,113,83.46,752.14,106.51,778.90,0.6405,0
106,203,62.46,364.92,81.46,385.28,0.5482,0
106,216,527.07,209.64,556.49,242.72,0.5153,1
106,158,439.20,455.06,465.12,485.54,0.6588,1
106,231,433.07,739.33,456.15,771.16,0.6652,0
106,148,183.55,626.72,208.97,648.42,0.5939,0
106,175,541.27,413.08,571.64,443.62,0.7137,1
107,75,464.67,926.50,498.64,969.36,0.8556,2
107,80,441.44,922.79,464.39,948.88,0.7931,0
107,127,173.88,688.32,223.06,723.57,0.7938,2
107,166,393.83,440.89,431.73,473.60,0.8164,1
107,167,102.27,411.16,141.58,454.10,0.8112,2
107,171,139.02,447.81,166.80,472.80,0.6823,0
107,120,173.29,726.41,217.02,758.68,0.5693,1
107,160,197.62,430.86,228.43,464.94,0.7381,2
107,88,554.85,829.02,594.49,866.06,0.7553,2
107,196,448.35,230.56,480.74,265.17,0.6133,2
107,200,483.32,252.88,512.13,290.91,0.7216,0
107,151,512.10,491.26,538.82,522.36,0.7421,0
107,86,527.67,920.16,560.21,957.17,0.7835,2
107,92,398.82,864.97,440.20,902.32,0.7282,2
107,215,374.94,154.48,416.37,187.30,0.7287,2
107,188,38.90,733.82,66.83,758.48,0.7165,0
107,186,83.42,401.44,104.94,429.21,0.7154,0
107,221,360.90,133.81,396.56,160.48,0.8540,0
107,141,589.64,1214.97,614.34,1240.54,0.7206,0
107,142,122.03,759.93,142.71,786.99,0.7360,0
107,174,390.22,399.95,422.70,425.38,0.7717,1
107,235,228.67,73.18,251.26,93.63,0.6310,0
107,49,497.91,1155.33,535.63,1219.48,0.7264,2
107,173,228.11,389.55,261.18,416.99,0.6391,0
107,113,80.79,766.89,110.93,793.48,0.6576,0
107,239,92.53,769.52,118.75,795.69,0.6723,0
107,240,425.35,782.79,449.61,807.55,0.6551,0
107,203,60.07,376.63,78.53,395.50,0.5899,0
107,158,438.45,466.73,464.50,496.67,0.6118,1
107,231,432.88,753.06,455.43,784.76,0.6458,0
107,148,181.05,639.67,207.83,662.15,0.6034,0
107,175,541.09,426.12,571.21,455.97,0.6608,1
107,217,230.45,339.72,249.72,361.94,0.5476,0
107,218,155.93,153.36,178.14,178.17,0.5904,0
107,220,127.37,174.55,146.41,196.18,0.5544,0
108,75,464.16,942.34,498.14,983.54,0.8585,2
108,80,440.18,937.19,463.49,963.72,0.7586,0
108,127,175.70,702.22,221.44,737.53,0.8291,2
108,166,393.44,454.47,430.75,485.98,0.8067,1
108,167,101.01,423.32,140.04,466.88,0.8303,2
108,171,138.79,462.69,164.98,484.95,0.5642,0
108,120,172.70,740.79,215.65,771.78,0.5509,1
108,160,196.37,444.10,227.23,477.85,0.6553,2
108,88,555.66,843.30,594.34,880.26,0.8153,2
108,196,447.28,242.44,480.04,277.13,0.5943,2
108,200,482.43,264.57,511.61,302.95,0.7201,0
108,151,511.44,505.46,537.94,534.71,0.6940,0
108,86,527.48,935.44,560.19,971.79,0.8015,2
108,92,397.94,880.70,438.35,916.33,0.7602,2
108,215,373.87,167.23,416.64,199.96,0.7066,2
108,188,37.41,745.24,63.95,770.59,0.6087,0
108,186,82.46,416.14,102.70,441.46,0.6519,0
108,221,360.35,145.49,396.75,171.97,0.7901,0
108,141,589.89,1230.67,614.48,1257.29,0.7988,0
108,142,121.04,774.21,140.60,800.73,0.7848,0
108,174,389.39,412.90,422.18,438.00,0.7746,1
108,235,228.24,83.49,249.52,104.30,0.7046,0
108,49,497.69,1171.93,535.22,1233.77,0.7656,2
108,113,78.58,781.15,103.53,806.13,0.6471,0
108,203,57.92,389.00,75.51,406.88,0.5959,0
108,158,438.04,479.19,463.80,509.71,0.6594,1
108,231,432.80,767.83,454.89,798.08,0.6465,0
108,148,178.78,652.70,206.51,675.56,0.6732,0
108,175,540.43,438.79,571.58,468.63,0.6275,1
108,242,378.63,199.71,398.79,218.33,0.7361,0
108,217,229.36,352.47,249.25,374.99,0.5248,0
108,220,126.22,185.59,144.02,207.95,0.5887,0
108,230,387.68,111.36,413.31,140.12,0.6407,1
108,222,108.00,123.05,136.08,161.74,0.5115,1
108,138,175.29,674.79,207.43,700.47,0.5565,0
108,216,525.91,235.59,555.59,264.96,0.6531,2
109,75,463.81,958.27,497.78,999.44,0.8458,2
109,80,439.53,952.18,463.04,978.42,0.7649,0
109,127,175.64,715.67,220.92,751.29,0.7795,2
109,166,392.23,467.16,429.39,498.71,0.8260,1
109,167,99.24,437.31,138.70,480.22,0.8443,2
109,171,137.51,475.68,163.40,497.34,0.7841,0
109,120,172.02,755.86,214.98,786.11,0.7485,1
109,160,195.73,457.62,225.81,489.96,0.8112,2
109,88,556.17,858.09,594.36,895.29,0.8157,2
109,196,447.17,254.59,479.78,289.19,0.6645,1
109,200,482.17,277.43,511.08,315.32,0.6828,1
109,151,511.10,518.33,537.38,548.43,0.7209,0
109,86,527.44,952.23,560.28,986.38,0.8289,2
109,92,397.86,895.70,437.22,932.82,0.8266,2
109,215,372.30,176.69,419.27,212.56,0.6515,2
109,186,81.27,430.43,100.14,454.48,0.6451,0
109,221,359.71,157.06,396.97,183.43,0.7547,0
109,141,590.78,1246.60,614.61,1274.76,0.7621,0
109,142,119.19,788.18,138.67,815.47,0.7600,0
109,174,388.21,426.64,420.69,450.74,0.7317,1
109,235,226.54,95.07,248.92,115.32,0.6894,0
109,113,77.29,794.80,99.11,820.15,0.5418,0
109,203,56.37,401.06,73.96,419.33,0.5191,0
109,158,437.80,493.87,463.22,522.36,0.7070,1
109,231,432.80,783.43,454.17,813.12,0.6730,0
109,148,177.51,666.70,205.15,689.00,0.6387,0
109,175,540.52,451.61,570.88,481.42,0.6751,1
109,242,378.69,212.33,396.94,229.54,0.6421,0
109,220,123.68,196.96,142.21,219.77,0.7426,0
109,244,405.76,209.46,431.24,228.53,0.5939,0
109,230,387.07,122.13,413.87,150.90,0.5901,1
109,154,461.97,523.47,478.43,544.88,0.5053,0
109,173,224.91,415.25,258.69,442.23,0.7519,0
109,240,423.76,811.19,446.90,836.77,0.5783,0
109,218,154.56,173.11,176.90,201.75,0.5981,0
110,75,462.98,974.09,497.41,1015.12,0.8467,2
110,80,438.18,966.44,462.57,993.40,0.7020,0
110,127,171.97,729.30,219.87,764.54,0.8002,2
110,166,391.66,480.12,428.17,511.82,0.8222,1
110,167,97.99,450.90,137.50,493.14,0.8587,2
110,171,135.64,488.13,162.37,509.42,0.7645,0
110,120,171.10,771.29,213.36,801.07,0.7795,1
110,160,194.46,471.08,224.14,503.16,0.6914,2
110,88,556.33,871.83,594.42,910.29,0.8168,2
110,196,447.12,265.83,479.25,301.24,0.7491,1
110,200,481.08,288.51,510.68,327.33,0.7073,0
110,151,511.30,531.04,536.86,562.19,0.6984,0
110,86,527.34,966.48,560.06,1001.49,0.8554,2
110,92,397.06,909.28,435.59,948.12,0.8197,2
110,215,371.85,188.07,420.74,225.06,0.6372,2
110,186,79.51,442.57,98.75,466.98,0.6684,0
110,221,359.34,168.90,396.25,193.81,0.7916,0
110,142,117.61,802.58,137.16,828.63,0.5769,0
110,174,387.25,440.58,419.87,464.14,0.5748,0
110,235,224.36,106.16,248.24,126.98,0.6564,0
110,158,437.26,508.39,461.41,535.24,0.6908,1
110,231,432.69,797.86,453.31,828.47,0.5960,0
110,148,177.21,680.09,203.84,703.04,0.5090,0
110,175,540.16,463.58,570.58,494.15,0.7973,1
110,242,378.10,225.07,396.30,242.01,0.6369,0
110,220,122.36,209.07,140.73,230.90,0.6784,0
110,154,461.11,534.68,478.70,557.99,0.5083,0
110,173,225.19,428.07,257.91,454.81,0.6849,0
110,240,423.44,826.73,446.55,850.35,0.5684,0
110,115,50.28,785.44,79.21,818.06,0.5934,2
110,49,497.31,1204.84,534.37,1268.89,0.7098,2
110,217,226.71,377.62,248.32,399.98,0.5388,0
110,216,523.92,256.83,554.31,288.77,0.5173,1
111,75,461.94,989.37,497.04,1030.52,0.8476,2
111,80,437.73,985.13,460.82,1008.89,0.7286,0
111,127,170.14,744.22,219.04,780.17,0.7532,2
111,166,391.10,493.21,427.81,524.95,0.7706,1
111,167,96.75,463.68,135.95,505.90,0.8298,2
111,171,134.15,502.42,160.78,522.69,0.7152,0
111,120,167.82,784.86,211.80,816.72,0.5767,2
111,160,193.17,483.82,222.90,516.12,0.7244,2
111,88,556.04,886.32,594.47,924.96,0.7246,2
111,196,446.64,276.77,478.87,313.87,0.6378,1
111,200,479.96,300.27,510.04,339.15,0.5119,1
111,151,511.42,545.47,536.33,575.77,0.7008,0
111,86,526.10,980.81,558.99,1016.55,0.8062,2
111,92,395.76,925.22,434.56,963.49,0.7552,2
111,215,370.83,200.10,419.38,236.50,0.6018,2
111,186,77.77,456.37,97.35,478.85,0.5148,0
111,221,358.67,180.38,395.12,205.75,0.7921,0
111,142,115.01,816.27,135.78,844.50,0.7019,0
111,235,222.40,116.69,247.57,137.84,0.6471,0
111,158,436.72,520.97,460.66,549.36,0.6500,1
111,231,431.44,812.16,453.01,842.65,0.5403,0
111,148,174.91,694.11,202.87,716.27,0.6429,0
111,175,539.69,477.93,570.09,507.24,0.6831,1
111,242,376.72,237.31,395.27,254.38,0.5813,0
111,220,120.99,220.42,139.05,242.48,0.6955,0
111,173,223.80,440.96,257.15,467.86,0.6593,0
111,240,422.32,841.32,445.87,866.00,0.5812,0
111,247,460.52,2.22,499.44,27.03,0.7333,2
111,49,496.71,1220.60,534.26,1280.00,0.7504,2
111,216,523.60,267.71,553.02,300.88,0.5820,1
111,188,32.65,787.74,58.63,816.01,0.6958,0
111,138,169.76,717.06,202.09,740.33,0.6566,0
111,113,72.58,823.86,95.34,847.85,0.5316,0
111,218,153.13,195.62,174.83,224.29,0.6758,0
112,75,461.33,1003.96,496.43,1045.14,0.8556,2
112,80,437.60,999.51,461.55,1024.40,0.7748,0
112,127,167.68,757.96,217.06,794.15,0.8475,2
112,166,390.62,506.03,426.73,538.50,0.7744,1
112,167,95.70,475.76,134.48,518.76,0.8391,2
112,171,132.25,516.17,159.06,535.57,0.6402,0
112,120,165.83,798.03,210.30,831.80,0.7911,2
112,160,191.60,495.99,222.20,529.28,0.7154,2
112,88,555.64,901.56,594.25,940.01,0.7785,2
112,196,445.88,289.83,478.29,326.59,0.7461,1
112,200,479.34,311.73,510.31,351.90,0.6644,0
112,151,510.87,555.08,536.27,588.59,0.7004,0
112,86,525.13,995.58,558.81,1032.43,0.5635,1
112,92,395.40,939.99,434.63,978.83,0.7475,2
112,215,370.25,211.66,420.07,248.37,0.6988,2
112,186,76.64,467.69,95.57,491.28,0.5818,0
112,221,358.21,192.58,394.40,217.86,0.6752,0
112,142,112.03,831.31,134.10,858.66,0.7239,0
112,235,221.72,128.11,246.90,149.83,0.7105,0
112,158,436.39,534.62,460.08,561.58,0.6238,1
112,231,430.51,828.26,452.86,857.06,0.7382,0
112,148,173.19,707.03,201.18,729.90,0.6485,0
112,175,539.66,490.42,569.91,520.17,0.6950,1
112,220,119.67,232.32,138.39,254.30,0.7766,0
112,173,222.63,454.01,256.15,481.15,0.5348,1
112,240,421.85,855.65,445.80,881.07,0.6884,0
112,247,462.38,4.37,497.04,37.91,0.8434,2
112,49,496.30,1237.29,533.83,1280.00,0.8117,2
112,216,522.39,279.87,552.99,313.07,0.7181,1
112,248,401.13,2.86,433.83,46.08,0.8637,1
112,188,30.22,799.98,62.73,830.41,0.6979,0
112,138,170.27,730.32,202.13,757.00,0.6751,0
112,113,71.61,837.87,96.17,864.83,0.6124,0
112,218,151.79,208.26,173.46,235.56,0.7808,0
112,222,103.47,169.96,140.42,205.26,0.5202,1
113,75,461.44,1019.19,496.07,1060.15,0.8377,2
113,80,436.67,1013.76,460.92,1039.35,0.7833,0
113,127,164.68,772.26,215.72,808.48,0.8352,2
113,166,389.88,517.33,427.30,551.40,0.8062,1
113,167,93.81,487.78,133.71,531.60,0.8421,2
113,171,130.39,528.98,157.84,548.49,0.5375,0
113,120,164.36,811.77,209.51,845.79,0.8047,2
113,160,190.09,508.71,221.62,541.93,0.7528,2
113,88,555.55,916.09,594.17,954.89,0.8016,2
113,196,445.34,301.52,477.70,338.56,0.6758,2
113,200,478.76,324.09,510.30,364.14,0.5695,0
113,151,510.86,567.93,536.00,600.55,0.6748,0
113,86,524.75,1010.70,558.34,1047.74,0.8248,2
113,92,393.80,956.19,435.02,993.55,0.7192,2
113,215,369.27,223.43,418.20,261.08,0.6582,2
113,221,357.80,204.70,392.82,228.75,0.6691,0
113,142,109.90,845.63,132.09,873.49,0.6669,0
113,235,221.44,139.71,246.11,160.99,0.6670,0
113,158,435.79,547.33,459.88,574.17,0.6395,1
113,231,428.94,841.91,452.32,871.55,0.5761,0
113,148,171.85,720.48,199.78,744.00,0.7591,0
113,175,540.29,503.34,569.06,533.31,0.5257,1
113,220,118.24,244.01,137.34,266.50,0.7840,0
113,173,222.24,466.11,256.03,494.58,0.6646,0
113,240,422.20,869.23,445.97,895.88,0.5702,0
113,247,461.83,5.44,495.39,48.84,0.8932,2
113,49,496.06,1252.96,534.62,1280.00,0.6811,2
113,216,521.75,291.88,553.38,325.26,0.7600,1
113,248,400.75,10.09,433.64,57.17,0.8567,1
113,188,28.41,811.54,63.19,843.94,0.7174,0
113,138,170.17,745.14,200.44,769.68,0.6958,0
113,113,71.69,851.47,96.66,879.95,0.5554,0
113,218,150.54,220.42,172.61,247.00,0.7121,0
113,239,82.66,856.93,111.16,883.70,0.6379,0
113,174,385.32,479.46,416.40,503.08,0.5707,0
113,115,45.56,831.42,73.85,860.74,0.6301,2
114,75,461.74,1035.23,495.83,1077.28,0.8448,2
114,80,435.37,1029.56,458.95,1054.96,0.7946,0
114,127,163.05,785.43,214.47,822.26,0.8578,2
114,166,388.65,529.85,426.19,564.14,0.7947,1
114,167,92.66,499.91,132.23,544.69,0.8356,2
114,120,162.87,825.30,208.48,859.86,0.7134,2
114,160,188.31,521.01,221.09,553.79,0.7628,2
114,88,555.30,930.66,594.01,969.02,0.7836,2
114,196,445.03,312.62,477.66,350.71,0.6059,2
114,200,478.73,337.40,510.34,375.20,0.6434,0
114,151,510.26,581.46,535.94,614.52,0.7478,0
114,86,523.84,1027.25,558.29,1062.09,0.5347,1
114,92,392.95,972.51,432.89,1009.11,0.7947,2
114,215,368.93,235.12,416.40,272.82,0.6977,2
114,221,357.39,216.08,391.45,240.14,0.7203,0
114,142,109.57,860.98,131.03,886.91,0.7254,0
114,235,220.59,151.41,245.57,172.02,0.7255,0
114,158,435.70,558.93,459.38,586.90,0.7257,1
114,231,428.54,857.35,452.09,887.70,0.6502,0
114,148,170.98,734.72,198.95,757.87,0.7320,0
114,220,117.51,255.29,136.99,277.60,0.6958,0
114,173,220.99,478.90,255.06,507.19,0.6104,1
114,240,420.84,884.83,443.05,910.33,0.6045,0
114,247,461.45,11.71,494.71,59.12,0.8831,2
114,216,521.65,304.79,553.28,337.54,0.7547,1
114,248,400.13,20.96,433.24,67.55,0.8560,1
114,188,26.83,828.00,60.78,858.03,0.5841,0
114,138,169.00,759.25,199.89,784.32,0.7940,0
114,113,70.62,865.08,99.18,896.65,0.5999,0
114,218,148.76,231.71,171.94,258.70,0.7553,0
114,250,511.73,2.21,544.57,33.70,0.7859,2
114,251,381.60,2.20,416.70,23.81,0.7486,2
114,239,81.13,868.79,107.80,899.93,0.6274,0
114,174,384.47,492.26,415.43,515.83,0.5864,0
114,115,44.70,848.69,70.94,874.62,0.5961,2
114,187,401.26,862.77,425.43,886.49,0.6012,0
114,222,101.32,193.27,136.11,229.66,0.6287,0
115,75,460.95,1049.95,495.68,1093.04,0.8390,2
115,80,434.98,1042.20,457.36,1070.28,0.6839,0
115,127,165.91,799.47,212.96,837.33,0.8145,2
115,166,388.12,543.96,425.69,577.23,0.8008,1
115,167,91.92,513.94,130.94,557.49,0.7878,2
115,120,162.77,840.10,207.00,874.16,0.7649,1
115,160,187.96,533.60,219.64,567.69,0.8085,2
115,88,556.33,945.05,593.42,983.07,0.8106,2
115,196,444.09,325.13,477.75,363.41,0.5784,2
115,200,478.21,350.23,510.22,386.83,0.6736,0
115,151,509.37,595.31,535.86,627.33,0.7244,0
115,92,392.40,989.07,432.20,1025.13,0.7771,2
115,215,369.06,247.32,412.91,284.65,0.7428,2
115,221,356.49,227.03,391.21,252.18,0.7252,0
115,142,108.75,875.44,129.73,900.36,0.7584,0
115,235,219.66,163.62,244.27,183.41,0.7134,0
115,158,434.79,569.85,459.79,600.41,0.7632,1
115,231,427.08,873.57,451.25,903.57,0.6421,0
115,148,168.89,748.31,197.96,771.04,0.7586,0
115,220,116.78,267.14,136.66,289.41,0.7342,0
115,173,220.25,491.38,253.72,520.14,0.7616,0
115,247,460.62,19.93,494.45,69.89,0.8549,2
115,216,522.02,317.79,552.73,349.56,0.6659,1
115,248,399.62,32.17,432.98,78.28,0.8490,1
115,188,25.07,841.41,58.97,872.67,0.6072,0
115,138,166.28,773.96,198.60,797.19,0.7013,0
115,113,67.57,881.14,101.90,910.85,0.6151,0
115,218,146.23,243.24,171.31,270.51,0.5492,0
115,250,512.22,7.95,544.39,44.79,0.7652,2
115,251,382.23,4.96,416.98,34.61,0.7746,2
115,239,81.26,884.83,106.55,913.77,0.6101,0
115,174,384.03,505.22,414.96,528.73,0.5709,0
115,186,72.13,507.04,93.23,529.86,0.5831,0
115,175,540.48,530.59,569.26,558.65,0.5569,1
116,75,459.78,1065.22,495.21,1107.83,0.8600,2
116,80,432.18,1056.89,456.55,1085.66,0.6306,0
116,127,163.62,814.21,211.39,852.18,0.8105,2
116,166,387.98,557.66,424.83,590.30,0.8008,1
116,167,90.35,526.50,130.51,570.14,0.8041,2
116,120,161.86,854.40,205.48,888.41,0.7238,1
116,160,187.15,546.75,217.87,580.62,0.6594,2
116,88,556.72,959.85,593.05,998.63,0.6687,2
116,196,443.00,337.94,477.27,375.33,0.7744,2
116,200,477.51,362.98,509.66,399.07,0.7096,0
116,151,508.57,610.10,535.81,640.27,0.7692,0
116,92,390.86,1005.36,431.32,1040.24,0.6625,2
116,215,368.38,259.97,409.79,296.54,0.7659,2
116,221,355.38,237.83,390.67,264.44,0.8157,0
116,142,107.65,890.10,128.02,914.46,0.7875,0
116,235,218.92,174.80,243.27,194.62,0.7035,0
116,158,434.05,582.82,459.88,613.57,0.7872,1
116,231,426.97,888.43,450.45,918.59,0.5107,0
116,148,167.48,762.65,195.98,784.78,0.7354,0
116,220,115.98,279.55,135.00,301.38,0.5860,0
116,173,220.31,504.88,252.20,533.04,0.7899,0
116,247,460.01,31.28,494.18,80.60,0.8703,2
116,216,520.52,330.24,552.55,361.71,0.7493,1
116,248,399.29,43.59,432.45,89.12,0.8512,1
116,138,164.47,788.88,196.78,811.84,0.7857,0
116,113,64.93,895.30,95.53,923.63,0.5121,0
116,218,144.58,255.00,170.58,282.51,0.5100,0
116,250,511.75,16.69,543.74,55.02,0.7618,2
116,251,381.17,8.87,416.87,45.71,0.8292,2
116,174,383.30,518.51,413.70,541.67,0.5617,0
116,254,99.73,848.09,123.21,898.79,0.5052,1
116,256,349.71,2.25,379.58,22.36,0.8014,0
116,186,71.23,520.14,93.08,542.96,0.5724,0
116,217,220.90,457.52,240.50,479.97,0.5753,0
116,86,522.80,1056.08,557.21,1093.59,0.8277,1
117,75,459.02,1082.16,494.59,1122.52,0.8536,2
117,80,432.20,1075.24,456.26,1102.75,0.7163,0
117,127,160.83,828.16,209.99,866.46,0.8298,2
117,166,387.02,570.59,424.03,603.31,0.8390,1
117,167,89.11,539.66,129.13,583.19,0.8476,2
117,120,160.62,870.04,204.41,903.19,0.7969,1
117,160,185.99,559.73,216.84,593.71,0.7774,2
117,88,556.46,974.90,593.03,1013.11,0.6336,2
117,196,442.73,350.12,476.84,387.76,0.8191,2
117,151,508.99,624.14,535.14,653.46,0.7995,0
117,92,389.76,1021.81,431.10,1056.03,0.7053,2
117,215,367.22,272.41,409.36,309.06,0.7840,2
117,221,355.05,250.18,389.65,276.63,0.8159,0
117,142,105.92,905.58,126.60,929.31,0.7763,0
117,235,218.53,187.75,242.13,206.67,0.7484,0
117,158,433.94,596.22,458.99,626.35,0.7196,1
117,231,424.76,903.25,450.10,932.89,0.6336,0
117,148,166.37,776.75,193.57,799.68,0.7949,0
117,220,115.32,291.66,133.75,313.41,0.5706,0
117,173,219.16,518.01,251.36,546.07,0.8332,0
117,247,459.66,42.14,494.15,91.60,0.8692,2
117,216,521.02,342.53,551.89,373.88,0.7489,1
117,248,399.06,54.38,431.89,100.52,0.8600,1
117,138,163.78,802.78,195.70,826.81,0.7182,0
117,113,64.71,912.31,98.91,940.86,0.7229,0
117,218,143.82,268.46,168.79,293.93,0.6595,0
117,250,511.42,27.00,543.68,65.85,0.8294,2
117,251,380.50,15.84,416.71,57.13,0.7724,2
117,174,382.79,531.90,412.67,554.76,0.6728,0
117,256,349.85,7.09,378.41,34.13,0.7670,0
117,186,70.16,533.59,92.46,555.90,0.6453,0
117,86,522.24,1071.07,557.02,1109.46,0.5545,1
117,230,381.57,212.47,403.49,244.91,0.5270,1
117,240,417.89,930.28,440.29,954.32,0.5617,0
117,115,38.90,889.02,66.78,919.35,0.6862,2
117,188,22.80,870.76,49.45,901.49,0.5145,0
117,175,539.72,557.72,568.91,583.88,0.7097,1
118,75,458.75,1097.92,493.71,1138.02,0.8508,2
118,80,431.66,1090.12,455.80,1118.38,0.7725,0
118,127,160.07,842.21,208.81,880.69,0.8051,2
118,166,386.39,584.98,423.12,616.49,0.8232,1
118,167,88.09,553.57,127.88,596.56,0.8414,2
118,120,159.58,884.88,203.43,918.26,0.7821,1
118,160,184.77,573.19,216.03,607.22,0.6315,2
118,196,442.58,364.10,476.06,400.07,0.7632,2
118,151,508.43,634.76,535.26,666.97,0.7532,0
118,92,389.62,1036.02,429.46,1072.10,0.6705,2
118,215,366.86,285.26,408.60,320.97,0.7827,2
118,221,354.69,262.42,389.73,288.81,0.8325,0
118,142,104.06,919.44,125.37,943.87,0.7497,0
118,235,217.50,198.40,240.96,218.03,0.7962,0
118,158,433.34,609.40,458.47,640.08,0.7422,1
118,231,424.70,917.32,449.40,948.02,0.5640,0
118,148,165.36,790.45,192.39,814.59,0.6711,0
118,220,114.51,303.58,132.49,325.31,0.5884,0
118,173,218.28,530.90,250.37,558.83,0.7873,0
118,247,459.61,53.58,493.83,102.27,0.8750,2
118,216,521.78,355.47,552.07,385.74,0.6850,1
118,248,398.90,65.00,431.17,112.24,0.8692,1
118,138,161.73,816.06,195.11,841.31,0.5265,0
118,218,142.84,280.34,167.12,305.45,0.6871,0
118,250,511.43,37.89,543.85,76.51,0.8471,2
118,251,379.93,25.67,415.67,67.80,0.8021,2
118,174,382.44,545.25,411.52,567.93,0.6869,0
118,256,348.29,16.89,379.23,45.07,0.7384,0
118,86,521.85,1088.05,556.66,1124.70,0.7282,2
118,259,554.83,6.47,575.89,35.64,0.6232,0
118,240,417.38,945.22,438.54,968.40,0.6846,0
118,115,37.40,906.09,66.00,935.07,0.6638,2
118,188,21.41,885.46,52.99,915.64,0.6092,0
118,175,539.67,570.50,568.63,597.04,0.5064,1
118,187,398.03,924.90,421.50,946.19,0.6507,0
118,239,78.60,931.27,100.19,957.46,0.5852,0
118,200,476.98,388.09,508.51,423.65,0.7534,0
119,75,458.09,1112.15,493.49,1154.53,0.8110,2
119,80,430.12,1105.39,455.17,1133.24,0.8060,0
119,127,153.48,855.86,208.12,895.69,0.7260,2
119,166,385.82,598.43,422.98,629.79,0.8360,1
119,167,86.87,567.24,126.65,609.83,0.8441,2
119,120,157.72,899.30,202.02,933.20,0.7856,1
119,160,183.73,586.28,215.07,620.47,0.8154,2
119,196,441.69,377.28,475.55,412.80,0.8435,2
119,151,506.48,646.99,535.53,679.77,0.6026,0
119,92,388.46,1052.70,427.22,1088.20,0.8000,2
119,215,365.76,297.53,408.63,333.50,0.7894,2
119,221,354.58,274.79,389.11,301.57,0.8228,0
119,142,102.88,933.59,123.72,959.26,0.7604,0
119,235,216.95,208.81,239.88,230.04,0.8222,0
119,158,432.28,621.63,458.64,653.39,0.7848,1
119,231,423.95,933.18,448.85,963.46,0.6249,0
119,148,163.97,804.01,191.91,828.95,0.6201,0
119,220,113.75,315.29,132.09,336.76,0.6165,0
119,173,215.03,543.68,249.75,571.86,0.7432,0
119,247,459.26,64.28,493.71,113.07,0.8922,2
119,216,520.31,367.52,551.86,397.76,0.7051,1
119,248,398.27,76.31,430.86,123.88,0.8387,1
119,138,156.75,829.51,194.94,856.42,0.5046,0
119,218,141.04,291.76,165.31,317.94,0.6033,0
119,250,510.92,48.15,543.91,87.02,0.8618,2
119,251,379.05,36.24,415.51,78.00,0.8122,2
119,174,381.82,558.19,410.67,580.74,0.6769,0
119,256,348.07,26.12,378.72,56.09,0.7695,0
119,86,522.00,1104.52,556.77,1139.79,0.7560,2
119,259,554.90,16.84,575.51,46.20,0.6559,0
119,240,416.41,960.30,439.16,983.97,0.7311,0
119,188,18.73,895.01,54.25,931.01,0.8294,0
119,175,539.36,582.31,568.34,610.22,0.5550,1
119,187,397.32,939.66,419.71,962.05,0.6427,0
119,200,476.32,400.45,507.98,436.75,0.6635,0
119,217,218.44,497.56,237.48,519.96,0.6421,0
119,88,555.65,1006.26,592.76,1044.13,0.6886,2
120,75,457.53,1128.22,492.54,1170.94,0.8432,2
120,80,428.48,1124.41,454.64,1148.61,0.6519,0
120,127,153.40,871.19,207.08,910.88,0.8294,2
120,166,385.45,612.22,422.41,642.73,0.8298,1
120,167,85.38,580.08,125.25,623.46,0.8267,2
120,120,156.72,915.33,200.34,948.29,0.7688,1
120,160,183.24,598.97,214.20,633.51,0.8304,2
120,196,441.06,389.95,474.95,424.49,0.8083,2
120,151,505.89,661.49,535.11,693.23,0.6262,0
120,92,388.29,1069.46,425.73,1103.45,0.7562,2
120,215,365.88,309.66,408.79,345.74,0.7836,2
120,221,353.87,286.74,388.81,313.90,0.8512,0
120,142,100.83,948.37,121.52,974.15,0.7845,0
120,235,215.28,219.12,239.29,241.49,0.8195,0
120,158,431.83,634.34,458.04,667.24,0.7404,1
120,231,423.00,949.25,449.23,978.80,0.5188,0
120,148,161.56,818.37,191.60,842.91,0.6286,0
120,220,112.82,327.46,131.08,348.56,0.5293,0
120,173,214.01,556.90,249.08,584.80,0.7230,0
120,247,459.07,75.74,493.34,124.50,0.8888,2
120,216,519.48,380.40,551.39,409.07,0.7714,1
120,248,397.64,87.68,430.71,135.18,0.8553,1
120,138,156.24,843.26,193.98,872.03,0.6829,0
120,218,139.63,303.16,165.69,330.17,0.6747,0
120,250,510.70,59.65,543.61,97.63,0.8503,2
120,251,378.35,47.51,414.45,89.58,0.7853,2
120,174,381.42,571.07,410.33,593.78,0.7028,0
120,256,347.86,35.72,379.17,67.02,0.6912,0
120,86,522.25,1119.81,556.76,1156.21,0.7907,1
120,259,554.77,27.99,575.81,56.69,0.6675,0
120,240,415.72,976.95,439.21,999.71,0.6192,0
120,188,17.15,911.05,55.31,945.54,0.7281,0
120,187,396.47,954.68,418.94,977.93,0.6848,0
120,200,476.07,412.63,508.16,448.65,0.6805,0
120,88,554.34,1020.46,593.21,1059.26,0.8119,2
120,171,122.64,616.06,149.69,641.28,0.7919,0
121,75,456.68,1144.53,491.40,1186.95,0.8410,2
121,80,427.93,1139.18,453.45,1165.24,0.7506,0
121,127,150.44,885.64,205.50,924.63,0.8194,2
121,166,384.70,626.21,421.28,656.02,0.8230,1
121,167,83.96,592.48,124.08,636.74,0.8302,2
121,120,155.54,929.84,198.95,963.20,0.7773,1
121,160,182.67,612.67,212.83,646.79,0.7864,2
121,196,440.45,402.20,474.69,436.25,0.8342,2
121,151,505.09,672.68,535.34,706.54,0.6468,0
121,92,387.64,1085.50,425.06,1119.61,0.7799,2
121,215,365.00,320.78,409.22,357.04,0.7884,2
121,221,352.57,299.14,388.66,325.86,0.8522,0
121,142,99.64,962.93,120.11,988.74,0.5875,0
121,235,215.68,230.13,238.47,253.31,0.7781,0
121,158,431.05,648.23,458.07,680.06,0.7661,1
121,148,159.76,832.16,189.85,856.90,0.5822,0
121,220,110.40,338.58,129.52,360.36,0.7197,0
121,173,211.90,569.86,248.41,598.47,0.7341,0
121,247,458.50,87.64,492.65,135.54,0.8569,2
121,216,520.11,392.21,551.25,419.95,0.6547,1
121,248,396.68,97.56,430.24,145.70,0.8336,1
121,138,154.69,857.30,190.78,885.50,0.7058,0
121,218,138.78,313.32,165.26,342.29,0.7401,0
121,250,509.77,71.14,543.51,108.90,0.8527,2
121,251,377.71,58.30,414.05,100.97,0.8334,2
121,174,380.66,583.38,410.01,607.11,0.6820,0
121,256,346.92,44.22,379.00,77.63,0.7014,0
121,86,520.93,1133.82,556.33,1171.51,0.7946,1
121,259,553.77,38.42,575.87,66.02,0.7964,0
121,240,415.63,992.28,439.49,1014.91,0.5491,0
121,188,14.84,927.72,54.10,958.91,0.5850,0
121,187,395.99,968.71,418.94,993.18,0.5475,0
121,200,475.55,424.69,506.87,460.84,0.7235,1
121,88,554.31,1034.63,593.10,1073.56,0.8030,2
121,260,334.13,14.28,367.77,42.10,0.8074,1
121,261,422.85,1134.68,450.39,1162.13,0.6468,0
121,171,121.14,630.39,148.40,654.32,0.7861,0
121,222,92.37,278.80,121.63,309.82,0.5134,1
121,113,61.06,969.24,99.99,1002.23,0.6710,0
121,217,215.86,523.03,236.35,546.30,0.5455,0
122,75,456.82,1162.12,490.72,1203.73,0.8391,2
122,80,427.59,1154.20,455.31,1181.62,0.8334,0
122,127,145.88,899.75,203.57,939.15,0.7794,2
122,166,383.85,639.58,419.50,669.51,0.7671,1
122,167,82.16,604.65,123.53,649.28,0.7843,2
122,120,154.01,944.22,196.57,979.16,0.8093,1
122,160,181.51,625.30,211.84,659.55,0.7858,2
122,196,440.19,414.88,474.43,448.26,0.7760,2
122,151,505.47,688.18,534.66,720.02,0.6803,0
122,92,387.36,1101.41,423.47,1135.66,0.7884,2
122,215,364.24,332.47,411.93,369.07,0.8018,2
122,221,351.59,310.96,388.72,337.18,0.7709,0
122,142,97.10,977.55,118.93,1003.95,0.8026,0
122,235,213.40,241.54,237.83,265.16,0.7498,0
122,158,430.06,662.90,457.33,692.63,0.8165,1
122,148,158.59,846.65,188.06,872.10,0.8194,0
122,220,108.88,350.67,127.89,372.36,0.6276,0
122,173,210.90,583.38,247.35,611.06,0.6599,0
122,247,459.04,99.80,492.69,146.30,0.8314,2
122,216,518.04,404.17,551.65,431.34,0.7435,1
122,248,396.14,107.89,429.94,156.29,0.8346,1
122,138,153.47,873.96,188.46,899.79,0.7409,0
122,218,137.93,324.77,164.03,354.19,0.7311,0
122,250,509.70,81.91,543.65,119.13,0.8399,2
122,251,377.15,68.09,413.11,111.79,0.8101,2
122,174,379.73,596.19,409.42,619.59,0.6650,0
122,256,346.07,55.22,378.12,88.11,0.6761,0
122,86,520.79,1149.13,556.57,1187.65,0.5610,2
122,259,553.94,48.84,576.21,76.88,0.8012,0
122,240,415.20,1006.03,440.31,1030.41,0.5981,0
122,188,12.60,945.17,46.60,973.02,0.6658,0
122,200,475.41,437.05,506.49,472.89,0.6441,1
122,88,553.76,1051.96,592.74,1089.36,0.7641,2
122,260,333.54,25.02,367.58,51.98,0.8197,1
122,171,120.01,644.42,147.32,666.82,0.6969,0
122,217,213.31,536.54,235.25,560.46,0.6086,0
123,75,457.48,1177.68,490.94,1220.28,0.8088,2
123,80,427.50,1169.82,453.88,1197.66,0.7590,0
123,127,150.14,915.18,202.70,954.61,0.8079,2
123,166,383.17,651.97,419.63,682.53,0.8193,1
123,167,79.76,617.87,123.27,662.88,0.7623,2
123,120,152.35,959.46,195.50,994.57,0.7534,1
123,160,179.73,637.78,210.54,673.08,0.6112,2
123,196,439.83,427.04,474.12,460.82,0.8292,2
123,151,504.70,701.33,534.81,733.48,0.6265,0
123,92,386.71,1118.97,421.84,1152.28,0.7772,2
123,215,363.46,344.93,410.54,381.98,0.7834,2
123,221,351.09,322.95,388.92,349.41,0.7281,0
123,142,95.23,992.25,117.87,1019.34,0.8179,0
123,235,212.43,254.19,236.61,277.37,0.7073,0
123,158,429.50,676.54,457.05,705.78,0.7984,1
123,148,157.26,861.04,186.73,886.62,0.7827,0
123,220,107.60,362.35,126.02,384.69,0.6490,0
123,173,210.33,595.75,246.00,624.73,0.5391,0
123,247,458.01,111.98,491.98,157.28,0.8357,2
123,248,395.35,119.69,429.57,167.41,0.7775,1
123,138,152.02,889.13,186.52,914.26,0.8234,0
123,218,137.01,337.44,162.70,365.70,0.7967,0
123,250,509.72,91.91,543.19,129.92,0.8207,2
123,251,376.24,79.26,411.46,122.53,0.8593,2
123,174,378.53,609.10,408.77,632.92,0.5515,0
123,256,345.58,66.87,377.13,99.31,0.6715,0
123,259,554.23,57.44,575.90,87.50,0.7582,0
123,240,414.48,1021.18,440.13,1045.61,0.6066,0
123,188,10.03,961.11,46.09,987.09,0.6899,0
123,200,475.12,449.73,505.85,485.81,0.5528,1
123,88,553.86,1069.08,592.26,1106.05,0.7668,2
123,260,333.10,37.18,368.34,63.82,0.7919,1
123,171,117.03,658.64,146.31,680.58,0.6582,0
123,217,211.65,549.37,234.11,573.40,0.6712,0
123,262,565.14,1152.48,585.71,1178.71,0.5012,0
123,254,90.17,950.92,113.44,994.92,0.6921,1
123,222,90.23,301.84,120.78,333.76,0.5033,0
124,75,456.84,1194.48,490.36,1236.70,0.8058,2
124,80,424.41,1185.20,451.95,1214.84,0.7749,0
124,127,147.92,930.65,200.72,970.04,0.7164,2
124,166,383.09,665.46,419.69,696.51,0.7001,1
124,167,77.96,632.29,122.10,675.60,0.7540,2
124,120,150.04,973.79,194.85,1010.01,0.8459,1
124,160,177.83,651.37,209.29,686.62,0.6023,2
124,196,439.64,439.99,473.61,473.41,0.7716,2
124,151,504.81,715.59,534.27,747.32,0.7587,0
124,92,385.75,1135.98,421.91,1167.78,0.6355,2
124,215,362.25,357.54,408.82,394.73,0.8115,2
124,221,350.45,334.90,388.87,362.11,0.8125,0
124,142,93.66,1008.57,115.62,1034.96,0.7096,0
124,235,211.90,266.05,235.62,289.81,0.7634,0
124,158,429.61,690.91,456.55,720.12,0.7359,1
124,148,156.21,876.54,185.28,900.10,0.7915,0
124,220,106.05,374.64,124.66,396.45,0.7074,0
124,173,208.90,608.80,244.81,637.98,0.5451,1
124,247,457.24,122.98,491.97,168.11,0.8511,2
124,248,394.37,131.15,428.88,178.64,0.6793,1
124,138,148.34,904.68,184.14,928.87,0.6946,0
124,218,135.41,349.88,161.24,377.83,0.7193,0
124,250,510.17,102.49,543.47,140.40,0.8429,2
124,251,375.47,90.44,410.66,133.65,0.8405,2
124,174,377.42,622.03,408.04,647.15,0.5924,0
124,256,345.42,78.59,376.01,109.92,0.7504,0
124,259,554.52,68.85,575.30,97.86,0.7602,0
124,188,9.00,977.32,46.30,1002.83,0.7416,0
124,200,474.46,461.52,506.50,498.09,0.6178,1
124,88,554.30,1084.97,592.16,1121.64,0.8182,2
124,260,332.32,48.36,364.54,74.17,0.7602,1
124,171,116.50,672.69,145.03,693.84,0.5406,0
124,217,209.99,563.55,232.74,586.78,0.6213,0
124,262,563.48,1169.22,585.41,1196.38,0.5701,0
124,265,50.30,1011.66,73.51,1040.36,0.6400,0
124,242,365.62,396.76,385.79,417.14,0.5972,0
124,115,29.16,999.23,53.15,1025.35,0.5809,2
124,216,516.15,427.92,551.28,456.03,0.6787,1
124,86,519.49,1181.32,555.74,1222.00,0.7585,1
125,75,456.42,1213.03,490.04,1253.93,0.8015,2
125,80,424.29,1203.10,450.90,1232.53,0.8048,0
125,127,145.81,944.61,199.49,985.75,0.7762,2
125,166,383.02,678.47,419.63,710.43,0.6059,1
125,167,76.80,647.56,119.87,690.10,0.7959,2
125,120,148.83,989.09,193.85,1025.37,0.7646,1
125,160,175.86,665.45,207.99,700.23,0.7824,2
125,196,439.38,452.48,473.27,485.86,0.7695,2
125,151,505.44,728.59,534.35,761.40,0.6147,0
125,92,384.55,1153.59,422.08,1184.58,0.8119,2
125,215,361.33,370.35,407.92,407.84,0.8180,2
125,221,349.67,347.23,388.96,375.12,0.8285,0
125,142,92.15,1023.70,114.05,1050.64,0.6500,0
125,235,211.27,278.21,234.91,301.60,0.7821,0
125,158,429.17,705.03,455.06,733.88,0.6286,1
125,148,154.57,891.10,183.99,915.89,0.6898,0
125,220,104.58,386.97,123.93,409.36,0.8188,0
125,173,208.33,621.83,243.23,651.85,0.5755,1
125,247,457.10,133.33,491.86,179.17,0.8636,2
125,248,394.00,141.84,428.95,189.83,0.8444,1
125,138,147.34,920.00,183.20,944.30,0.6817,0
125,218,134.65,363.02,160.34,389.86,0.7856,0
125,250,509.81,113.65,543.47,151.50,0.8262,2
125,251,374.97,101.74,410.09,143.98,0.8155,2
125,174,376.99,634.34,408.43,660.92,0.6191,0
125,256,345.33,91.43,374.98,121.22,0.7874,0
125,259,554.61,80.45,575.61,108.60,0.7686,0
125,188,6.78,994.17,46.28,1019.50,0.6140,0
125,200,474.01,474.36,506.27,511.18,0.7093,1
125,88,555.28,1099.69,592.26,1138.02,0.8307,2
125,260,331.66,60.19,363.06,84.98,0.8004,1
125,171,115.84,685.92,144.02,707.18,0.5420,0
125,217,209.02,577.05,231.56,599.16,0.6087,0
125,265,48.02,1027.52,72.64,1052.77,0.6113,0
125,266,333.09,8.28,351.87,32.20,0.5555,0
125,115,24.58,1015.31,51.22,1039.91,0.6116,2
125,216,517.73,441.63,551.28,469.00,0.7028,1
125,86,519.29,1198.84,555.96,1239.35,0.6550,1
125,203,34.12,602.72,51.88,621.12,0.5475,0
125,240,414.33,1052.05,438.14,1077.20,0.6212,0
125,222,88.27,325.69,116.71,357.78,0.5844,0
126,75,456.41,1230.68,490.31,1270.97,0.8139,2
126,80,425.40,1219.33,450.30,1249.24,0.7515,0
126,127,144.57,960.08,197.93,1002.14,0.8342,2
126,166,382.43,692.41,419.44,724.75,0.7329,1
126,167,75.77,662.04,118.56,704.73,0.8170,2
126,120,148.02,1004.88,192.63,1040.60,0.7607,1
126,160,174.24,679.31,207.26,713.98,0.7222,2
126,196,439.10,464.58,473.48,498.54,0.7431,2
126,151,504.84,741.10,534.38,774.90,0.7390,0
126,92,383.74,1170.50,421.49,1202.56,0.7619,2
126,215,361.57,383.86,408.36,420.08,0.8233,2
126,221,349.36,359.21,389.68,387.86,0.8018,0
126,142,90.58,1039.43,112.69,1065.75,0.6949,0
126,235,210.62,289.97,233.81,313.76,0.7897,0
126,158,428.84,718.70,455.51,748.29,0.5677,1
126,148,153.45,904.84,183.02,931.16,0.7236,0
126,220,103.91,399.40,123.85,421.90,0.7659,0
126,247,456.73,144.77,491.70,190.35,0.8807,2
126,248,393.72,153.78,428.74,201.55,0.8303,1
126,138,145.58,934.28,182.94,960.63,0.5923,0
126,218,132.79,376.45,159.53,402.21,0.6919,0
126,250,509.67,124.46,543.28,162.30,0.8525,2
126,251,375.31,112.82,410.14,155.39,0.7501,2
126,256,345.10,103.32,373.72,132.25,0.7656,0
126,259,554.92,91.10,575.92,119.08,0.7566,0
126,188,4.96,1008.23,45.43,1035.27,0.7174,0
126,200,473.43,487.21,506.13,523.98,0.7259,1
126,88,555.03,1116.03,592.51,1154.85,0.8301,2
126,260,330.74,71.42,364.26,96.39,0.7462,1
126,171,115.61,697.36,142.67,721.19,0.5801,0
126,217,208.24,590.56,230.25,613.47,0.6877,0
126,266,332.25,17.72,352.09,43.34,0.5454,0
126,216,517.35,454.44,551.17,481.91,0.6885,1
126,203,32.60,615.12,49.73,634.51,0.5568,0
126,240,413.07,1068.82,437.04,1094.14,0.5837,0
126,222,86.90,338.12,115.28,370.57,0.5027,0
126,175,539.96,676.02,569.07,702.72,0.5091,1
127,75,455.25,1246.94,491.25,1280.00,0.6888,2
127,80,424.52,1238.02,449.26,1266.31,0.7353,0
127,127,148.72,976.00,197.00,1018.23,0.8217,2
127,166,381.57,706.69,418.92,740.05,0.5218,1
127,167,75.07,677.04,117.30,718.88,0.8144,2
127,120,146.47,1020.39,192.27,1057.82,0.8063,1
127,160,173.31,693.02,206.06,728.49,0.7922,2
127,196,438.73,477.33,472.89,512.27,0.8274,2
127,151,504.33,754.97,534.47,789.02,0.6894,0
127,92,383.26,1187.13,420.40,1219.23,0.7240,2
127,215,361.64,396.42,410.42,433.07,0.7678,2
127,221,348.84,372.53,388.93,401.01,0.7612,0
127,142,89.64,1054.66,111.29,1081.95,0.7090,0
127,235,209.50,302.22,233.30,326.42,0.7960,0
127,158,428.49,730.88,455.70,762.78,0.7852,1
127,148,152.06,920.59,182.07,945.88,0.7222,0
127,220,102.59,411.81,122.85,434.06,0.6739,0
127,247,456.43,155.83,491.44,201.73,0.8803,2
127,248,393.37,165.11,428.21,212.82,0.8136,1
127,138,145.94,949.14,182.04,975.79,0.7709,0
127,218,131.72,388.88,157.96,415.09,0.6602,0
127,250,508.97,135.69,543.04,173.43,0.7883,2
127,251,374.91,124.89,409.99,166.62,0.6528,2
127,256,344.31,113.61,373.80,144.03,0.7412,0
127,259,554.52,102.36,576.18,129.87,0.7716,0
127,188,2.31,1023.99,43.27,1050.79,0.7328,0
127,200,472.96,500.57,504.71,536.80,0.6968,1
127,88,554.03,1133.22,592.59,1171.69,0.7939,2
127,260,330.53,82.33,364.82,107.43,0.7157,1
127,217,206.72,603.86,229.62,628.84,0.6921,0
127,216,517.34,467.50,550.62,494.82,0.6384,1
127,240,413.08,1084.69,438.10,1110.25,0.5277,0
127,222,85.77,351.08,113.19,383.03,0.5836,0
127,230,375.62,334.86,400.11,368.00,0.5388,2
127,231,417.38,1058.79,444.23,1090.00,0.5076,0
127,242,364.11,437.71,383.59,455.99,0.5095,0
127,174,375.58,660.25,406.97,688.27,0.6597,1
127,115,20.53,1044.57,47.77,1072.06,0.6037,2
127,86,519.12,1232.40,555.49,1275.49,0.7664,1
128,127,139.80,991.74,196.44,1034.87,0.7761,2
128,167,73.72,690.99,115.68,732.86,0.7847,2
128,120,145.65,1038.42,189.62,1074.27,0.7271,1
128,160,173.40,706.96,204.91,742.87,0.8038,2
128,196,438.65,490.84,472.98,525.18,0.7417,2
128,151,505.26,772.21,534.82,803.35,0.6326,0
128,92,382.69,1204.67,421.15,1238.71,0.7162,2
128,215,360.83,409.06,409.61,446.23,0.7740,2
128,221,348.33,384.94,389.95,414.01,0.8216,0
128,142,87.28,1069.54,109.65,1098.48,0.5990,0
128,235,209.21,316.22,233.65,339.21,0.7645,0
128,158,428.49,746.35,454.63,777.22,0.5923,1
128,148,149.87,935.48,180.76,962.36,0.8576,0
128,220,101.76,424.36,121.94,446.35,0.6936,0
128,247,456.22,167.21,491.50,213.48,0.8867,2
128,248,392.62,176.72,428.24,224.58,0.8111,1
128,138,142.99,965.56,179.13,990.93,0.8103,0
128,218,130.49,401.65,156.35,428.20,0.5229,0
128,250,508.62,146.80,543.08,185.24,0.8292,2
128,251,374.24,136.50,409.22,177.70,0.7765,2
128,256,343.64,124.62,372.89,154.77,0.7060,0
128,259,554.39,113.65,576.10,140.64,0.8024,0
128,188,1.21,1039.06,41.94,1066.12,0.6991,0
128,200,472.64,512.93,506.19,550.21,0.6893,1
128,88,553.48,1149.27,593.19,1188.08,0.7993,2
128,260,329.53,93.76,364.85,117.81,0.7735,1
128,217,206.19,617.86,228.82,643.99,0.7410,0
128,216,516.32,480.43,550.91,507.83,0.6580,1
128,240,413.58,1102.96,436.26,1127.50,0.5556,0
128,222,84.44,363.99,112.80,395.03,0.6090,0
128,231,418.43,1073.24,443.36,1106.14,0.6086,0
128,242,363.59,450.69,383.15,469.74,0.6302,0
128,174,375.76,674.30,407.08,702.35,0.5930,1
128,115,14.09,1056.45,50.67,1089.08,0.6119,2
128,86,518.50,1248.52,556.59,1280.00,0.6329,1
128,154,448.37,782.05,472.38,808.75,0.6089,0
128,187,391.62,1081.35,414.77,1106.13,0.6497,0
128,262,561.30,1240.47,585.33,1269.12,0.5840,0
128,173,206.70,665.09,240.73,694.06,0.5369,0
128,171,114.07,723.35,139.28,749.91,0.5297,0
129,127,132.76,1006.43,194.99,1051.91,0.7675,2
129,167,71.58,707.09,114.27,748.02,0.7933,2
129,120,144.08,1053.05,188.15,1090.04,0.7428,1
129,160,172.07,721.42,204.02,757.07,0.8195,2
129,196,438.71,504.17,472.36,538.46,0.8319,2
129,151,505.53,787.59,534.74,817.64,0.5272,0
129,92,382.38,1220.70,422.16,1257.43,0.6318,2
129,215,361.09,421.61,411.11,459.51,0.7660,2
129,221,348.07,398.03,389.76,426.74,0.7844,0
129,142,85.37,1086.30,107.55,1115.42,0.6600,0
129,235,208.31,329.34,232.37,351.21,0.7112,0
129,158,428.72,761.56,455.55,792.66,0.6267,1
129,148,148.71,951.63,179.66,977.08,0.7832,0
129,220,101.24,436.84,120.68,458.80,0.7460,0
129,247,456.32,179.38,491.40,225.59,0.8764,2
129,248,392.41,188.25,427.75,236.19,0.8117,1
129,138,141.72,981.64,178.16,1006.92,0.8131,0
129,218,129.73,413.90,155.53,441.33,0.7599,0
129,250,508.74,157.95,543.12,196.17,0.7374,2
129,251,373.83,147.27,409.06,188.92,0.8318,2
129,256,342.45,136.69,372.04,165.07,0.7077,0
129,259,554.69,124.25,575.74,151.98,0.7412,0
129,188,0.29,1052.69,37.95,1082.55,0.7323,0
129,200,472.30,526.20,505.77,563.14,0.6399,1
129,88,553.50,1166.07,593.70,1205.43,0.7730,2
129,260,328.43,104.70,362.79,128.74,0.7966,1
129,217,204.91,631.73,227.93,658.42,0.7330,0
129,240,412.32,1119.91,435.29,1143.74,0.6055,0
129,242,363.36,464.36,382.98,482.29,0.6751,0
129,115,12.02,1071.31,50.45,1104.75,0.6334,2
129,187,391.11,1097.47,415.11,1123.41,0.6202,0
129,173,207.88,679.15,239.98,708.09,0.6430,0
129,171,109.47,738.35,137.85,766.61,0.7393,0
129,166,380.31,733.72,418.43,769.85,0.6599,1
130,127,132.55,1022.21,194.25,1068.21,0.7495,2
130,167,69.67,722.37,113.40,762.08,0.7768,2
130,120,141.82,1071.14,186.96,1106.78,0.7482,1
130,160,170.92,737.04,203.00,770.70,0.8306,2
130,196,438.66,517.64,471.85,551.59,0.8087,2
130,151,506.75,801.94,534.92,832.84,0.7393,0
130,92,382.79,1238.38,423.65,1275.15,0.5219,1
130,215,361.13,434.04,409.35,472.10,0.7902,2
130,221,347.60,410.97,388.73,439.52,0.8245,0
130,142,83.94,1103.33,106.61,1132.25,0.7326,0
130,235,207.72,340.77,231.66,364.50,0.7533,0
130,158,428.72,777.32,455.85,807.61,0.7186,1
130,148,147.82,967.59,179.01,992.70,0.6796,0
130,220,99.32,449.65,119.71,471.91,0.7589,0
130,247,456.59,191.67,491.27,237.68,0.8813,2
130,248,392.19,199.61,427.64,247.41,0.8130,1
130,138,141.44,997.21,178.84,1024.17,0.5077,0
130,218,129.42,426.25,154.69,453.91,0.7294,0
130,250,508.97,168.55,543.19,207.47,0.7964,2
130,251,374.40,158.18,409.22,200.31,0.8501,2
130,256,342.25,146.59,372.82,176.27,0.6534,0
130,259,554.76,134.51,576.28,162.63,0.7631,0
130,188,0.00,1067.79,32.59,1100.45,0.6794,0
130,200,472.14,540.46,504.34,575.94,0.5906,1
130,88,548.68,1184.28,594.29,1222.61,0.6441,2
130,260,328.10,116.32,361.55,140.23,0.7736,1
130,217,204.12,646.00,227.52,672.68,0.8015,0
130,240,412.06,1135.81,437.54,1159.81,0.5563,0
130,242,362.84,477.73,382.81,495.31,0.7380,0
130,115,13.67,1090.93,45.87,1121.31,0.5561,2
130,173,204.44,691.91,239.19,722.64,0.7236,0
130,171,107.56,752.47,136.52,781.42,0.6042,0
130,271,346.64,84.70,382.42,111.35,0.5264,0
130,166,380.29,749.51,415.52,784.03,0.5417,1
130,216,516.15,505.94,551.00,533.15,0.6374,1
131,127,134.01,1038.86,194.07,1083.67,0.7667,2
131,167,68.93,736.90,111.72,776.91,0.8291,2
131,120,140.06,1086.95,186.45,1123.72,0.8290,1
131,160,170.24,751.56,202.64,785.55,0.8100,2
131,196,438.47,530.96,471.89,564.61,0.7898,2
131,151,506.76,816.87,535.65,848.31,0.7096,0
131,215,360.89,447.52,408.78,485.03,0.7728,2
131,221,347.30,424.11,387.78,452.68,0.8246,0
131,142,83.27,1119.44,106.05,1149.33,0.5647,0
131,235,206.80,352.56,230.98,377.85,0.7914,0
131,158,428.85,791.80,455.89,822.91,0.5986,1
131,148,146.46,983.32,177.88,1008.38,0.6541,0
131,220,98.05,463.76,118.57,485.30,0.6787,0
131,247,456.58,204.17,491.32,249.54,0.8690,2
131,248,391.84,210.77,427.63,260.26,0.7844,1
131,138,140.54,1012.66,177.63,1039.92,0.6854,0
131,218,128.41,439.10,153.57,466.74,0.7100,0
131,250,509.80,180.59,543.28,219.62,0.8162,2
131,251,374.31,169.91,410.49,212.56,0.5941,1
131,256,342.16,157.36,373.27,188.12,0.7804,0
131,259,555.46,145.17,576.62,174.05,0.7622,0
131,188,0.00,1082.68,32.98,1118.20,0.7271,0
131,200,473.02,554.55,504.17,589.95,0.6362,0
131,88,551.18,1200.99,594.36,1239.29,0.7774,2
131,260,328.36,127.39,360.49,152.19,0.7455,1
131,217,203.06,661.39,226.70,687.48,0.7536,0
131,242,362.27,491.28,383.32,508.71,0.6344,0
131,115,13.25,1106.51,42.75,1137.65,0.5370,2
131,173,198.73,705.45,238.21,737.02,0.5204,0
131,171,105.67,764.93,135.56,798.24,0.6887,0
131,216,515.70,519.60,551.14,546.53,0.6986,1
131,174,375.69,718.05,408.25,744.78,0.5197,1
131,154,451.29,832.54,473.75,855.69,0.5581,0
132,127,133.93,1055.40,192.30,1101.57,0.7614,2
132,167,67.26,752.06,109.11,791.52,0.7877,2
132,120,139.52,1102.98,185.38,1140.49,0.8029,1
132,160,169.71,766.70,201.30,800.87,0.7846,2
132,196,438.60,544.00,472.58,578.01,0.7056,2
132,151,506.83,832.25,535.35,863.06,0.5601,0
132,215,359.92,460.23,404.12,499.25,0.7682,2
132,221,347.13,437.43,386.68,466.00,0.8029,0
132,142,82.45,1137.56,104.57,1166.17,0.6552,0
132,235,206.67,364.08,229.97,391.21,0.7296,0
132,158,428.98,806.44,456.23,838.15,0.5574,1
132,148,144.96,999.46,176.11,1025.58,0.7967,0
132,220,96.56,476.73,117.10,499.30,0.6647,0
132,247,456.75,216.90,491.11,262.05,0.8772,2
132,248,391.80,223.31,427.65,272.84,0.8021,1
132,138,138.78,1029.65,175.88,1055.94,0.7913,0
132,218,127.34,452.78,152.56,479.79,0.5325,0
132,250,510.17,192.49,543.92,231.72,0.7963,2
132,251,374.17,181.35,410.75,225.25,0.6108,1
132,256,342.25,169.63,373.49,200.39,0.7997,0
132,259,555.82,157.55,577.23,185.96,0.7416,0
132,188,0.00,1095.94,35.04,1138.76,0.6055,0
132,88,549.21,1220.70,594.36,1256.63,0.6118,2
132,260,327.84,138.80,359.74,163.84,0.7551,1
132,217,201.51,676.85,225.81,702.19,0.7285,0
132,242,361.82,505.22,383.14,522.56,0.7483,0
132,216,518.34,533.73,550.86,559.80,0.5214,1
132,274,83.28,32.53,108.67,59.97,0.5511,0
132,154,452.80,850.03,473.52,871.80,0.6707,0
132,266,331.09,89.53,350.69,113.23,0.5540,0
133,127,134.56,1072.02,190.82,1118.64,0.7739,2
133,167,65.80,767.66,107.18,806.38,0.7828,2
133,120,138.38,1119.66,183.91,1156.54,0.7022,1
133,160,168.82,781.99,200.47,816.69,0.7096,2
133,196,439.01,557.76,472.19,592.43,0.7462,2
133,151,507.27,845.55,536.22,878.23,0.7442,0
133,215,358.88,473.83,401.65,513.49,0.8009,2
133,221,346.78,451.00,386.67,479.27,0.6337,0
133,142,81.62,1155.34,102.89,1183.06,0.6694,0
133,235,206.01,378.50,229.25,404.31,0.8125,0
133,158,429.06,823.39,456.57,853.28,0.7594,1
133,148,144.33,1015.87,174.39,1041.18,0.8069,0
133,220,96.04,490.20,115.81,512.56,0.6029,0
133,247,457.04,229.75,491.63,274.36,0.8646,2
133,248,391.91,235.88,427.72,284.86,0.8026,1
133,138,138.78,1046.45,175.81,1072.20,0.7519,0
133,218,126.82,466.48,151.66,492.87,0.5745,0
133,250,510.90,204.83,544.80,243.68,0.8413,2
133,251,373.75,193.04,410.30,237.30,0.6604,2
133,256,342.18,183.23,373.20,212.48,0.8246,0
133,259,555.86,169.20,577.97,197.64,0.7389,0
133,188,0.69,1112.62,31.97,1155.55,0.6291,0
133,88,552.25,1238.28,594.17,1276.40,0.7551,2
133,260,327.71,151.22,359.04,175.43,0.7839,1
133,217,200.37,691.80,224.40,717.09,0.6592,0
133,242,361.20,518.75,382.40,537.16,0.7254,0
133,216,520.45,547.78,551.21,573.88,0.5328,2
133,274,83.67,44.93,107.45,70.22,0.5335,0
133,154,452.88,866.46,473.64,888.27,0.5142,0
133,276,173.55,2.80,203.45,30.62,0.7242,0
133,277,142.97,14.69,166.99,43.14,0.5901,0
133,266,331.37,103.20,350.42,126.31,0.6293,0
133,175,545.22,780.14,570.37,802.61,0.5913,1
133,231,413.36,1162.19,441.45,1196.62,0.5056,0
133,240,412.56,1188.20,438.22,1211.59,0.5717,0
133,200,474.04,581.72,504.84,617.74,0.6026,0
133,115,10.32,1140.45,39.42,1172.30,0.7434,2
133,173,196.39,736.03,237.02,767.31,0.7378,0
133,171,109.24,796.01,133.52,824.42,0.5104,0
133,174,374.47,747.36,408.62,775.43,0.5946,0
134,127,139.25,1088.94,189.57,1135.85,0.7310,2
134,167,65.37,782.83,106.66,822.50,0.7929,2
134,120,137.22,1137.29,183.01,1175.03,0.8021,1
134,160,168.30,798.15,199.90,832.22,0.7452,2
134,196,439.51,570.85,472.74,606.19,0.5684,2
134,151,509.28,863.21,535.86,894.48,0.6966,0
134,215,359.58,487.17,401.50,527.27,0.8087,2
134,221,346.72,464.47,387.33,492.32,0.6823,0
134,142,79.54,1170.85,102.94,1199.86,0.6399,0
134,235,205.26,391.01,228.77,417.71,0.8146,0
134,158,429.39,839.95,457.13,869.48,0.6814,1
134,148,143.58,1032.23,173.64,1057.59,0.6423,0
134,247,457.33,242.77,491.84,286.44,0.8698,2
134,248,392.26,248.39,427.93,297.49,0.8286,1
134,138,135.95,1062.73,174.74,1088.90,0.6387,0
134,250,511.20,217.03,545.41,255.57,0.7424,2
134,251,373.68,205.42,410.23,249.61,0.5797,2
134,256,342.33,194.39,373.21,224.89,0.7949,0
134,259,556.73,180.92,578.48,209.40,0.6950,0
134,260,327.37,163.60,360.49,187.84,0.7873,1
134,217,199.43,706.30,224.04,732.29,0.8448,0
134,242,361.36,531.89,382.52,551.05,0.8030,0
134,216,522.81,561.44,552.43,587.61,0.5957,2
134,274,82.27,53.58,106.26,80.48,0.5329,0
134,276,173.70,12.37,202.80,40.79,0.7919,0
134,277,141.47,24.85,166.61,54.15,0.5944,0
134,266,331.03,115.91,350.43,138.85,0.5177,0
134,200,474.06,593.57,505.98,631.55,0.7349,0
134,173,191.41,750.87,236.68,782.72,0.6285,0
134,174,374.77,762.86,407.46,790.84,0.6077,0
134,166,379.82,811.47,417.96,846.35,0.5137,2
135,127,140.78,1106.12,188.35,1153.30,0.7923,2
135,167,65.04,798.02,106.61,838.38,0.7911,2
135,160,167.54,813.75,198.59,848.17,0.8257,2
135,196,439.67,583.39,472.78,620.35,0.7144,2
135,151,510.17,879.09,537.11,910.09,0.5367,0
135,215,360.23,501.47,402.18,540.89,0.8127,2
135,221,346.66,478.27,387.67,506.25,0.6003,0
135,142,78.48,1187.88,101.32,1217.80,0.5046,0
135,235,205.33,403.30,228.27,431.31,0.8308,0
135,158,428.75,853.94,457.86,885.42,0.6951,1
135,148,142.21,1049.25,173.52,1074.24,0.7544,0
135,247,458.15,255.91,492.61,299.28,0.8432,2
135,248,392.31,261.16,428.09,309.77,0.8309,1
135,138,135.04,1079.99,174.61,1106.27,0.7372,0
135,250,511.67,229.48,546.29,267.75,0.8269,2
135,251,373.55,218.36,410.63,262.26,0.5824,2
135,256,341.94,207.14,373.33,237.10,0.8044,0
135,259,557.34,193.86,578.96,221.31,0.7199,0
135,260,327.75,176.09,360.65,200.31,0.7875,1
135,217,198.28,721.84,223.98,748.12,0.7095,0
135,242,361.61,545.35,381.76,565.35,0.6613,0
135,216,525.00,575.26,552.85,601.83,0.6874,2
135,274,81.82,64.17,106.32,91.29,0.5340,0
135,276,174.48,24.01,202.10,51.62,0.7687,0
135,277,140.95,34.64,166.19,65.64,0.5755,0
135,200,474.23,609.00,506.99,645.60,0.6887,0
135,173,192.82,766.78,235.96,797.86,0.6753,0
135,174,374.85,779.49,406.45,806.53,0.5328,0
135,166,379.43,827.35,419.21,861.68,0.6673,1
136,127,129.28,1122.28,187.86,1171.56,0.7406,2
136,167,63.54,813.13,106.97,853.78,0.8001,2
136,196,439.74,598.00,473.20,634.20,0.6265,2
136,151,509.69,892.57,538.77,925.66,0.5205,0
136,215,360.56,514.83,405.12,554.20,0.7896,2
136,221,346.76,491.74,387.80,519.99,0.7172,0
136,142,76.76,1204.34,100.60,1234.61,0.6116,0
136,235,204.84,413.25,228.06,445.34,0.8175,0
136,148,141.05,1064.34,172.81,1090.56,0.8218,0
136,247,458.57,267.02,493.41,311.55,0.8395,2
136,248,392.40,273.99,428.34,322.06,0.7993,1
136,138,133.64,1096.53,173.01,1122.57,0.7981,0
136,250,511.95,241.79,547.35,280.02,0.8308,2
136,251,373.78,230.68,410.67,274.48,0.7867,1
136,256,341.81,219.98,372.94,249.54,0.8025,0
136,259,557.54,205.24,580.15,232.87,0.6492,0
136,260,327.57,187.97,360.69,212.93,0.7808,1
136,217,198.10,737.74,223.70,763.54,0.6045,0
136,242,361.81,559.82,382.12,579.36,0.7920,0
136,216,528.26,589.04,553.16,615.62,0.5995,2
136,274,81.79,74.78,105.52,102.71,0.6607,0
136,276,174.87,34.44,202.02,63.12,0.7726,0
136,277,140.62,45.23,164.08,75.96,0.5590,0
136,200,474.87,625.47,506.51,660.25,0.5946,1
136,173,190.74,781.30,235.37,813.04,0.5742,0
136,154,451.50,912.17,474.87,936.98,0.5327,0
136,171,102.95,842.09,131.75,875.26,0.6332,0
136,120,134.74,1172.02,181.02,1211.15,0.6989,1
136,266,331.05,140.83,351.55,165.30,0.6310,0
137,127,130.34,1138.69,187.41,1188.03,0.7249,2
137,167,62.70,829.59,106.13,869.25,0.7631,2
137,196,440.13,612.46,473.37,647.91,0.6474,2
137,151,510.42,907.34,539.44,940.59,0.5627,0
137,215,360.88,528.51,404.38,568.24,0.7944,2
137,221,347.38,504.56,388.55,533.87,0.6734,0
137,142,76.72,1222.20,99.44,1251.23,0.5649,0
137,235,205.17,426.00,227.29,458.52,0.7798,0
137,148,140.88,1079.84,172.37,1107.46,0.7968,0
137,247,458.99,278.34,494.29,323.21,0.8453,2
137,248,392.83,286.30,428.41,334.60,0.8400,1
137,138,134.08,1112.60,172.82,1139.88,0.6410,0
137,250,511.93,252.95,547.99,291.90,0.8510,2
137,251,374.04,243.16,411.12,287.41,0.8361,2
137,256,342.19,231.80,373.09,261.92,0.7733,0
137,259,557.34,215.86,580.87,244.42,0.7426,0
137,260,327.10,200.28,360.74,225.02,0.6560,1
137,217,198.77,754.38,223.46,779.53,0.5643,0
137,242,362.60,573.37,382.38,594.11,0.7613,0
137,216,528.76,603.30,554.21,628.93,0.6980,2
137,274,80.66,86.00,105.53,113.59,0.5920,0
137,276,174.92,44.75,201.77,74.32,0.7427,0
137,277,139.87,56.28,164.47,86.72,0.5071,0
137,200,475.66,639.46,507.13,673.77,0.5371,1
137,173,190.00,796.14,235.38,828.19,0.6545,0
137,171,102.91,857.87,130.90,891.10,0.5823,0
137,120,132.62,1188.70,181.11,1228.19,0.7417,1
137,266,331.11,153.33,352.21,177.57,0.5165,0
137,115,2.79,1186.75,36.82,1243.77,0.5701,1
137,160,166.50,843.92,197.73,879.80,0.8028,1
137,158,429.40,883.86,458.64,917.88,0.6425,1
137,174,375.60,808.76,407.91,836.86,0.5349,0
138,127,133.43,1155.89,187.05,1203.84,0.7952,2
138,167,60.96,844.21,104.95,884.08,0.7340,2
138,196,440.30,625.28,474.34,661.50,0.6295,1
138,151,511.53,924.44,540.95,956.35,0.6307,0
138,215,360.43,542.31,404.36,582.21,0.7814,2
138,221,347.79,517.39,388.81,547.65,0.7627,0
138,235,204.17,440.24,227.09,471.92,0.8248,0
138,148,140.55,1095.63,172.24,1124.49,0.7539,0
138,247,459.34,289.34,495.06,336.08,0.8462,2
138,248,393.17,298.13,429.28,346.95,0.8130,1
138,138,133.73,1128.23,173.29,1157.83,0.7381,0
138,250,513.17,264.25,548.89,304.17,0.8419,2
138,251,374.24,256.04,411.82,299.78,0.6820,2
138,256,342.58,241.83,373.54,274.23,0.7161,0
138,259,557.26,227.41,581.81,255.94,0.7339,0
138,242,363.06,587.01,384.40,608.50,0.8087,0
138,274,79.68,90.15,105.79,124.54,0.6794,0
138,276,174.34,54.79,201.42,85.25,0.7626,0
138,200,476.87,651.78,508.42,687.00,0.6132,1
138,173,186.69,810.09,235.88,842.50,0.6432,0
138,120,132.88,1206.15,180.77,1247.21,0.6986,1
138,160,164.39,858.76,197.76,894.77,0.7797,1
138,158,430.71,898.98,459.70,933.63,0.7080,1
138,166,380.78,873.83,422.40,908.92,0.5194,1
139,127,136.45,1172.50,186.67,1220.03,0.7924,2
139,167,61.78,859.70,104.26,898.76,0.7742,2
139,196,440.49,639.23,475.28,675.31,0.6925,1
139,151,511.94,939.80,541.55,972.49,0.5892,0
139,215,360.79,556.23,404.81,596.06,0.7542,2
139,221,348.11,530.64,389.20,561.03,0.7262,0
139,235,203.94,454.53,226.99,485.38,0.8065,0
139,148,139.79,1111.52,171.74,1141.90,0.8339,0
139,247,459.71,302.00,495.68,347.76,0.8468,2
139,248,393.99,311.85,429.42,359.88,0.7939,1
139,138,134.43,1145.71,170.91,1173.78,0.7365,0
139,250,514.68,276.87,549.53,317.00,0.8599,2
139,251,374.67,268.93,412.58,312.11,0.8351,2
139,256,342.63,252.44,374.75,286.79,0.7258,0
139,259,555.88,237.10,583.30,267.61,0.7830,0
139,242,363.11,600.34,385.43,622.53,0.7445,0
139,274,78.38,100.91,104.79,135.40,0.6385,0
139,276,173.75,65.38,201.53,96.31,0.7549,0
139,200,478.10,665.61,508.60,700.53,0.7802,0
139,173,185.09,825.80,235.28,858.91,0.7063,0
139,120,134.28,1222.70,180.61,1264.53,0.8183,1
139,160,163.35,873.75,197.80,909.52,0.5321,2
139,158,431.87,913.56,460.86,949.17,0.6785,1
139,166,381.00,889.01,424.78,925.52,0.6229,1
139,218,123.33,544.56,149.56,574.14,0.6691,0
139,154,451.69,960.60,477.23,987.28,0.5342,0
139,260,329.71,225.37,361.75,248.86,0.6843,0
139,217,197.98,783.50,223.00,809.85,0.6378,0
139,277,137.81,65.53,164.52,109.03,0.5645,0
139,174,375.70,838.33,406.41,867.28,0.5161,1
140,127,136.27,1189.76,185.88,1236.20,0.7990,2
140,167,61.04,875.72,103.26,913.54,0.6934,2
140,196,440.73,652.50,476.30,689.42,0.6983,1
140,151,512.32,952.11,541.93,988.00,0.6521,0
140,215,361.20,570.00,404.97,609.93,0.7533,2
140,221,348.29,544.11,390.20,574.45,0.6950,0
140,235,203.11,467.14,226.85,498.04,0.7838,0
140,148,138.95,1127.56,170.84,1156.42,0.8676,0
140,247,460.13,315.36,495.92,359.88,0.8628,2
140,248,394.93,324.60,429.70,372.20,0.7780,1
140,138,133.28,1161.81,171.42,1190.07,0.6959,0
140,250,514.72,288.70,550.12,329.07,0.7425,2
140,251,374.79,281.53,412.78,324.25,0.8089,2
140,256,343.10,263.96,375.16,298.77,0.6379,0
140,259,556.69,248.64,584.13,279.14,0.7648,0
140,242,363.58,614.08,385.89,635.48,0.7388,0
140,274,78.37,112.68,104.01,146.61,0.6421,0
140,276,173.45,76.96,201.89,107.79,0.8274,0
140,200,478.90,678.65,509.00,713.95,0.5335,0
140,173,185.13,841.52,234.71,874.36,0.6350,0
140,120,133.87,1238.37,180.01,1280.00,0.6917,1
140,160,162.51,888.60,197.22,924.41,0.6932,2
140,218,123.49,558.85,149.01,586.79,0.7113,0
140,174,375.52,853.65,407.40,882.43,0.5586,1
140,115,0.00,1236.56,46.40,1280.00,0.6107,1
141,127,135.99,1206.23,185.71,1252.86,0.7966,2
141,167,60.22,890.67,102.80,929.45,0.7424,2
141,196,440.90,667.05,476.70,703.19,0.8197,2
141,151,513.23,964.38,542.72,1003.36,0.5622,0
141,215,360.97,584.64,406.17,623.77,0.7710,2
141,221,348.09,557.54,388.97,587.68,0.7562,0
141,235,202.93,480.84,226.81,510.94,0.8293,0
141,148,139.02,1143.69,170.60,1173.51,0.8157,0
141,247,460.52,327.35,496.36,372.28,0.8534,2
141,248,395.62,337.89,430.48,384.70,0.8357,1
141,138,133.07,1178.01,171.70,1206.36,0.7159,0
141,250,515.28,301.21,550.77,341.54,0.7592,2
141,251,374.92,295.09,412.97,335.99,0.8599,2
141,256,343.42,277.13,374.48,311.04,0.7827,0
141,259,558.06,260.57,585.01,290.62,0.8212,0
141,242,364.01,628.18,385.77,648.70,0.7880,0
141,274,78.80,125.21,103.18,157.10,0.7588,0
141,276,173.51,88.15,202.06,118.41,0.8205,0
141,173,186.13,856.41,234.75,889.89,0.5317,0
141,160,162.77,904.56,197.41,938.81,0.6365,1
141,218,122.94,571.45,148.68,600.07,0.7402,0
141,174,375.82,869.56,408.42,897.41,0.6178,1
141,158,431.59,942.42,462.56,979.45,0.6796,1
141,154,452.82,994.55,479.09,1019.69,0.6125,0
141,217,198.80,820.18,222.42,842.39,0.5433,0
141,277,139.75,98.98,164.12,131.11,0.5474,0
142,127,138.26,1222.09,185.04,1270.39,0.7306,2
142,167,58.51,906.69,102.22,944.12,0.7498,2
142,196,441.42,681.20,477.03,716.55,0.8319,2
142,151,515.15,981.61,543.21,1018.19,0.6762,0
142,215,360.66,598.50,405.18,637.13,0.8080,2
142,221,348.32,570.82,390.72,601.14,0.5677,0
142,235,203.33,494.31,226.46,523.61,0.7954,0
142,148,138.81,1159.57,170.22,1189.61,0.7592,0
142,247,460.86,340.06,496.58,384.54,0.8530,2
142,248,395.89,351.74,430.76,397.13,0.8306,1
142,138,132.15,1194.68,170.49,1222.91,0.7423,0
142,250,516.18,313.20,550.54,353.96,0.6298,2
142,251,375.22,306.09,413.18,347.64,0.8537,2
142,256,343.82,288.69,375.50,323.28,0.6805,0
142,259,559.10,272.42,585.53,302.21,0.6963,0
142,242,364.34,643.75,385.92,662.45,0.8053,0
142,274,79.48,139.24,102.71,168.08,0.7749,0
142,276,173.51,99.59,201.26,129.14,0.7754,0
142,173,189.27,871.62,234.10,904.60,0.5789,0
142,160,162.46,919.80,196.56,954.30,0.7662,2
142,218,122.31,586.22,148.56,613.04,0.7808,0
142,174,376.36,885.09,409.17,912.04,0.5293,1
142,291,493.60,322.23,515.48,352.68,0.7602,0
142,293,73.99,120.12,92.10,151.16,0.5779,0
142,294,82.45,466.48,102.54,490.17,0.6387,0
142,158,432.31,956.26,463.75,995.01,0.6670,1
142,154,455.88,1011.37,479.66,1036.52,0.6045,0
142,200,479.40,704.37,511.35,741.60,0.5407,1
143,127,137.98,1239.15,183.97,1280.00,0.7080,2
143,167,57.80,923.31,101.31,960.35,0.7450,2
143,196,441.16,694.71,477.81,730.32,0.8262,2
143,151,514.07,985.90,544.53,1033.93,0.6274,0
143,215,361.34,612.33,405.74,650.61,0.8217,2
143,221,348.44,584.28,391.77,615.04,0.6950,0
143,235,202.82,506.73,226.89,537.48,0.8296,0
143,148,138.29,1175.85,169.72,1206.07,0.8258,0
143,247,460.96,352.06,497.13,397.10,0.8507,2
143,248,395.87,364.17,431.23,410.00,0.8361,1
143,138,130.59,1210.29,170.83,1239.34,0.7387,0
143,250,516.59,325.55,551.24,367.01,0.6701,2
143,251,375.34,319.04,413.86,360.26,0.8465,2
143,256,343.88,300.87,374.66,335.31,0.6990,0
143,259,559.95,284.37,586.28,314.33,0.7912,0
143,242,364.84,657.87,386.57,676.84,0.7756,0
143,274,78.90,150.85,102.97,178.78,0.7077,0
143,276,173.73,110.40,200.86,140.09,0.7944,0
143,173,189.67,886.48,233.71,919.66,0.7237,0
143,160,161.54,934.24,195.83,969.23,0.7138,1
143,218,121.88,599.22,148.44,625.85,0.6750,0
143,291,494.18,335.13,515.75,365.44,0.6715,0
143,294,82.12,479.64,101.90,502.56,0.6022,0
143,158,433.16,971.85,464.16,1010.89,0.6444,1
143,154,453.68,1023.79,480.64,1052.80,0.5212,0
143,200,479.73,720.12,511.94,755.05,0.7207,0
143,166,382.43,951.78,424.99,987.96,0.7241,1
143,217,196.61,846.56,221.40,873.11,0.5725,0
143,277,141.05,123.88,163.35,153.24,0.6126,0
144,167,57.43,937.87,99.75,975.15,0.7639,2
144,196,441.40,708.80,477.80,744.09,0.8225,2
144,151,514.30,1008.55,544.58,1049.26,0.5869,0
144,215,361.35,625.43,406.31,664.34,0.8127,2
144,221,347.80,596.94,391.01,628.47,0.8009,0
144,235,203.05,519.64,226.88,550.53,0.7839,0
144,148,137.38,1190.87,168.78,1221.78,0.8070,0
144,247,461.35,364.74,497.54,409.58,0.8580,2
144,248,396.14,376.34,431.38,422.80,0.7974,1
144,138,128.99,1224.64,169.72,1255.33,0.7078,0
144,250,516.37,337.91,552.59,377.93,0.7795,2
144,251,375.20,331.84,414.13,372.79,0.8532,2
144,256,343.95,313.56,374.85,347.71,0.6895,0
144,259,560.32,296.09,586.83,326.21,0.6937,0
144,242,365.01,671.35,385.89,690.69,0.7752,0
144,274,77.77,160.86,102.65,190.07,0.6267,0
144,276,173.56,121.88,200.83,151.40,0.7639,0
144,173,189.00,901.83,233.38,935.18,0.6655,0
144,160,161.11,949.18,195.90,984.84,0.6624,2
144,218,121.20,612.30,148.19,638.74,0.6276,0
144,291,494.00,347.52,516.17,376.88,0.6150,0
144,294,81.00,492.51,101.62,516.75,0.6072,0
144,158,433.33,988.57,463.72,1026.19,0.5678,1
144,296,380.46,694.28,400.26,715.15,0.6028,0
144,217,195.78,859.34,221.84,887.92,0.7622,0
144,277,139.27,134.47,162.60,164.20,0.5614,0
144,260,329.89,283.61,367.22,309.62,0.6776,1
144,174,376.31,909.13,405.49,943.15,0.6597,1
145,167,57.12,953.85,98.25,990.76,0.6685,2
145,196,441.48,722.78,478.39,757.19,0.7638,2
145,215,361.33,638.12,406.54,678.00,0.8061,2
145,221,347.66,610.01,390.79,641.52,0.7952,0
145,235,202.68,532.25,226.41,562.70,0.7974,0
145,148,136.15,1205.72,168.14,1237.64,0.7505,0
145,247,461.66,377.55,498.01,422.10,0.8379,2
145,248,396.29,388.52,431.56,435.46,0.8218,1
145,138,128.14,1239.74,167.48,1269.69,0.6558,0
145,250,516.65,348.84,553.25,389.97,0.7767,2
145,251,375.17,343.23,413.62,385.13,0.8586,2
145,256,344.13,327.59,373.99,359.88,0.6817,0
145,259,562.62,307.92,587.41,338.22,0.6636,0
145,242,364.79,684.55,386.29,704.82,0.7360,0
145,274,77.17,173.30,101.80,201.28,0.7319,0
145,276,172.17,132.70,200.26,162.84,0.7471,0
145,173,187.04,916.66,233.38,949.68,0.6932,0
145,160,160.87,963.82,195.38,999.60,0.7415,2
145,218,119.37,627.09,147.20,652.16,0.6958,0
145,291,493.90,357.82,516.51,389.21,0.5154,0
145,158,432.81,1003.11,464.17,1041.20,0.5926,1
145,296,380.14,707.28,399.89,729.41,0.5250,0
145,277,139.28,144.02,162.85,176.07,0.6452,0
145,297,130.64,31.27,160.44,65.29,0.6045,2
145,298,88.73,73.86,108.29,96.31,0.6101,0
145,260,329.33,296.11,367.19,321.93,0.6384,1
145,174,375.84,923.22,407.10,958.24,0.5387,1
145,266,331.52,257.08,354.81,279.36,0.5392,0
146,167,57.07,971.47,97.92,1005.05,0.6463,2
146,196,442.38,735.57,478.65,770.86,0.7079,2
146,215,361.02,651.03,407.54,691.48,0.8293,2
146,221,347.66,622.61,389.66,654.46,0.8084,0
146,235,203.07,544.80,226.41,576.43,0.7931,0
146,148,134.55,1221.01,168.20,1252.49,0.7535,0
146,247,461.88,389.01,497.55,434.03,0.8560,2
146,248,396.34,400.63,431.76,447.64,0.8415,1
146,138,126.71,1257.38,167.47,1280.00,0.5969,0
146,250,517.08,360.66,553.72,401.12,0.8020,2
146,251,375.94,354.31,414.11,397.34,0.7531,1
146,256,344.08,340.89,373.94,371.57,0.6927,0
146,259,564.22,319.88,587.94,348.77,0.6847,0
146,242,364.02,697.97,385.54,718.34,0.7915,0
146,274,77.34,185.17,100.76,212.17,0.5971,0
146,276,172.43,143.14,200.07,173.83,0.7846,0
146,173,184.40,931.56,233.21,964.16,0.6739,0
146,160,160.46,977.64,195.31,1013.68,0.7476,2
146,218,118.71,641.22,146.86,665.08,0.7654,0
146,291,493.93,369.16,516.53,401.19,0.6502,0
146,277,139.77,158.21,162.50,187.00,0.5639,0
146,297,129.96,40.95,160.06,75.95,0.6499,2
146,260,329.41,308.87,365.61,333.83,0.5317,0
146,266,331.28,268.63,354.60,292.21,0.5895,0
146,220,90.07,663.65,109.90,685.31,0.6329,0
146,216,531.97,729.33,560.16,748.91,0.5321,2
146,200,480.72,760.19,512.71,794.99,0.5575,0
146,166,382.33,995.38,420.18,1032.07,0.6662,1
146,294,80.60,516.91,102.32,541.32,0.6738,0
146,217,195.94,891.11,222.29,918.28,0.5507,0
147,167,56.06,986.28,97.72,1018.58,0.6825,2
147,196,442.60,748.96,478.82,784.25,0.7482,2
147,215,360.84,663.90,406.74,704.91,0.7940,2
147,221,348.20,636.10,390.35,667.16,0.8091,0
147,235,203.79,555.82,226.04,589.59,0.6802,0
147,148,133.46,1237.30,167.32,1269.83,0.7669,0
147,247,461.77,401.53,497.56,446.09,0.8520,2
147,248,396.39,413.45,431.77,459.46,0.6491,1
147,250,517.32,372.35,554.20,413.22,0.7914,2
147,251,376.03,366.32,413.48,409.43,0.7745,1
147,256,343.96,353.45,373.96,383.68,0.6590,0
147,259,563.95,332.09,588.27,360.00,0.7342,0
147,242,363.83,710.84,386.39,732.08,0.7986,0
147,274,76.33,195.41,99.67,223.57,0.7250,0
147,276,171.79,154.10,199.55,185.14,0.8139,0
147,173,184.09,946.30,233.42,978.75,0.6552,0
147,160,158.96,991.90,194.73,1027.37,0.7319,2
147,218,117.96,653.65,147.21,678.83,0.5404,0
147,291,494.45,381.61,516.92,413.28,0.6362,0
147,277,139.71,164.58,162.21,197.42,0.5940,0
147,297,129.84,51.55,160.21,85.73,0.6522,2
147,266,331.32,281.94,353.76,305.27,0.5927,0
147,301,457.55,880.13,484.31,910.21,0.5825,0
147,200,480.85,772.76,513.17,808.69,0.7238,0
147,166,382.61,1009.95,422.84,1047.26,0.7399,1
147,217,194.78,906.62,221.68,932.88,0.6341,0
148,167,55.01,1002.20,97.37,1032.36,0.7710,2
148,196,442.83,763.16,478.03,798.09,0.6877,2
148,215,360.35,676.99,406.62,718.09,0.8312,2
148,221,347.88,649.37,389.93,680.60,0.8198,0
148,235,202.53,569.09,225.73,601.84,0.7418,0
148,148,132.95,1253.44,166.78,1280.00,0.8172,0
148,247,461.71,413.76,497.37,457.79,0.8644,2
148,248,396.02,425.57,431.50,471.59,0.5647,1
148,250,517.45,384.38,554.35,424.73,0.8212,2
148,251,375.70,378.87,412.49,420.90,0.7402,1
148,256,343.78,366.86,374.07,395.30,0.6731,0
148,259,564.01,342.50,588.41,371.51,0.7218,0
148,242,363.81,724.63,385.58,745.67,0.7869,0
148,274,76.13,205.83,99.38,234.34,0.7728,0
148,276,171.59,165.65,199.11,195.85,0.7733,0
148,173,185.07,960.35,232.65,993.13,0.6568,0
148,160,158.53,1005.74,193.77,1041.74,0.8055,2
148,218,118.29,666.87,146.74,691.50,0.6117,0
148,291,494.93,394.15,516.80,425.46,0.6696,0
148,277,138.06,171.76,161.31,208.33,0.6931,0
148,297,129.63,63.28,159.81,95.71,0.5686,2
148,266,331.22,293.93,354.02,318.69,0.6329,0
148,200,481.31,785.70,513.13,822.85,0.7020,0
148,166,382.56,1025.97,419.13,1062.45,0.6906,1
148,260,329.61,332.60,366.22,358.02,0.5174,1
148,220,88.66,689.63,108.61,711.69,0.6110,0
148,294,80.13,541.98,100.48,567.08,0.5692,0
149,167,53.53,1017.74,96.04,1048.57,0.7950,2
149,196,442.46,776.57,477.72,811.80,0.7439,2
149,215,360.04,690.07,406.16,732.02,0.8225,2
149,221,347.95,662.35,390.01,693.49,0.7830,0
149,235,200.85,582.14,225.04,614.59,0.7534,0
149,247,461.31,426.49,497.60,469.97,0.8598,2
149,248,395.65,438.26,431.47,483.71,0.8089,1
149,250,517.73,396.55,554.41,437.03,0.8446,2
149,251,375.14,391.35,412.81,433.60,0.5857,2
149,256,343.66,381.10,372.17,407.21,0.7520,0
149,259,563.66,354.29,588.57,383.39,0.7449,0
149,242,363.59,738.38,385.31,760.12,0.8233,0
149,274,75.80,216.12,99.31,244.97,0.7890,0
149,276,171.08,177.49,198.93,206.41,0.7931,0
149,173,183.49,974.21,232.69,1008.01,0.6627,0
149,160,157.57,1020.69,193.09,1057.81,0.8121,2
149,218,117.33,680.45,146.12,704.35,0.7104,0
149,291,494.60,406.59,516.56,436.99,0.5791,0
149,277,137.66,184.30,160.98,219.40,0.6712,0
149,200,481.24,799.56,512.99,836.99,0.6869,0
149,166,381.88,1041.86,417.08,1077.83,0.5805,1
149,260,329.70,343.51,366.41,369.48,0.5260,1
149,220,86.66,704.11,107.84,724.82,0.5995,0
149,296,381.47,761.73,399.40,785.34,0.5123,0
149,217,193.77,934.85,218.52,962.64,0.6198,0
150,167,52.53,1034.03,95.46,1063.98,0.7225,2
150,196,442.47,790.82,477.85,825.94,0.8048,2
150,215,359.91,702.89,405.27,745.50,0.8282,2
150,221,348.01,675.53,389.38,706.34,0.8094,0
150,235,200.34,594.58,224.53,628.43,0.7226,0
150,247,460.95,437.67,497.18,481.84,0.8571,2
150,248,395.47,450.16,431.14,495.83,0.8428,1
150,250,518.64,408.46,553.96,449.04,0.8452,2
150,251,375.10,404.42,412.73,445.64,0.5684,1
150,256,342.94,391.24,373.27,419.28,0.7390,0
150,259,564.51,365.47,588.72,394.74,0.7008,0
150,242,364.25,752.75,384.98,774.07,0.7640,0
150,274,74.97,227.96,98.80,255.82,0.7294,0
150,276,170.04,188.24,198.55,217.34,0.8190,0
150,173,179.67,988.94,231.44,1022.49,0.6443,0
150,160,156.50,1036.01,192.41,1072.81,0.7129,2
150,218,115.83,694.72,145.05,718.22,0.6117,0
150,291,494.62,418.94,516.16,448.80,0.5994,0
150,277,135.69,191.73,160.36,230.71,0.6875,0
150,200,481.40,814.03,512.83,850.90,0.7173,0
150,260,328.57,354.50,366.87,380.83,0.5773,1
150,220,84.98,715.78,107.67,737.94,0.5423,0
150,217,193.03,948.50,218.55,977.31,0.7707,0
150,301,457.22,920.57,485.59,954.32,0.6946,0
150,297,127.28,84.60,159.03,119.55,0.5374,1
150,266,330.30,319.73,353.00,343.69,0.6177,0
151,167,52.26,1049.67,94.21,1079.22,0.6807,2
151,196,442.21,804.33,478.21,840.11,0.7972,2
151,215,360.00,715.72,406.58,759.04,0.8379,2
151,221,347.31,688.87,389.12,719.77,0.7908,0
151,235,200.43,607.35,224.00,642.27,0.6713,0
151,247,460.61,450.12,497.20,494.11,0.8479,2
151,248,395.13,461.36,430.91,508.15,0.6957,1
151,250,518.57,420.68,554.04,461.47,0.8562,2
151,251,375.25,415.97,411.03,457.56,0.7495,2
151,256,342.37,402.41,374.20,431.47,0.7074,0
151,259,564.21,376.27,589.01,406.59,0.7159,0
151,242,363.90,766.67,384.49,787.63,0.7997,0
151,274,73.76,238.92,98.56,266.40,0.6985,0
151,276,169.71,199.10,198.46,228.51,0.8154,0
151,173,186.51,1004.30,230.50,1037.68,0.5387,0
151,160,156.26,1049.54,191.78,1088.34,0.7401,2
151,291,494.44,431.69,516.11,460.97,0.6627,0
151,277,134.29,195.38,159.49,241.47,0.6911,0
151,200,481.58,827.29,513.25,864.98,0.7550,0
151,260,327.98,366.30,367.35,392.38,0.6173,1
151,217,191.63,963.09,217.54,992.30,0.7539,0
151,305,453.73,2.29,475.79,30.88,0.5548,0
151,266,329.84,332.09,352.52,356.84,0.6978,0
152,167,50.54,1064.29,93.48,1093.70,0.6294,2
152,196,442.32,818.25,477.97,853.82,0.7928,2
152,215,359.46,728.86,406.03,772.25,0.8331,2
152,221,346.98,701.56,389.16,732.77,0.8305,0
152,235,199.40,618.41,223.25,656.18,0.7407,0
152,247,460.47,461.67,497.43,505.93,0.8251,2
152,248,394.65,472.46,430.76,520.54,0.8535,1
152,250,518.19,432.41,554.27,472.64,0.8541,2
152,251,374.96,429.47,410.42,469.48,0.7412,2
152,256,342.33,414.18,373.74,443.15,0.7390,0
152,259,563.61,387.15,588.92,417.89,0.6364,0
152,242,363.45,780.35,384.19,801.16,0.7879,0
152,274,73.34,250.52,97.70,277.79,0.8143,0
152,276,168.87,210.00,197.71,239.47,0.8255,0
152,160,154.65,1066.58,190.73,1102.95,0.6393,2
152,291,493.82,444.20,515.84,472.44,0.7246,0
152,277,133.69,203.73,158.85,251.64,0.7331,0
152,200,482.30,841.58,513.91,878.10,0.5619,1
152,260,327.37,378.87,367.18,404.69,0.6757,1
152,305,453.65,11.66,475.62,41.07,0.7713,0
152,266,329.09,345.38,351.43,369.36,0.5539,0
152,154,450.37,1161.30,484.59,1194.13,0.6147,0
152,294,76.45,589.92,101.20,621.22,0.7703,0
152,218,111.09,718.29,142.03,745.79,0.5813,0
152,297,126.34,105.27,156.73,136.71,0.5808,2
153,167,48.78,1079.51,93.37,1107.88,0.6897,2
153,196,441.94,831.49,478.02,866.85,0.8112,2
153,215,359.19,742.27,405.35,785.58,0.8342,2
153,221,346.38,714.15,390.07,745.75,0.8213,0
153,235,198.08,630.35,221.98,668.52,0.7078,0
153,247,460.63,472.42,497.24,517.58,0.8360,2
153,248,394.11,483.69,430.65,531.75,0.8312,1
153,250,517.95,442.93,554.11,483.75,0.8417,2
153,251,374.58,441.23,412.27,480.42,0.8155,2
153,256,342.17,423.92,372.96,454.75,0.7109,0
153,259,564.01,399.32,589.14,428.74,0.5326,0
153,242,362.95,793.87,383.34,814.34,0.8068,0
153,274,72.53,261.99,96.99,288.43,0.8061,0
153,276,168.17,221.20,196.68,249.67,0.8227,0
153,160,153.73,1082.40,189.62,1118.18,0.5494,2
153,291,493.95,455.32,515.74,484.03,0.7541,0
153,277,135.73,228.19,158.63,261.69,0.5856,0
153,200,481.96,854.76,514.42,890.64,0.6075,1
153,260,327.07,389.07,367.46,416.44,0.5485,1
153,305,453.68,21.46,475.87,50.37,0.7067,0
153,266,329.06,356.75,351.19,381.46,0.6522,0
153,154,448.52,1174.80,484.42,1209.77,0.6194,0
153,294,75.83,601.05,100.62,634.20,0.7149,0
153,218,109.93,730.76,140.90,758.07,0.6582,0
153,293,64.98,241.35,84.18,264.56,0.6018,0
153,173,192.41,1034.38,227.44,1066.09,0.5446,0
154,167,48.00,1093.88,91.38,1120.97,0.6498,2
154,196,442.02,845.02,477.46,880.63,0.8129,2
154,215,359.19,755.06,406.91,799.65,0.8351,2
154,221,346.04,726.60,390.57,758.81,0.8216,0
154,235,196.59,641.06,221.12,678.34,0.7424,0
154,247,460.47,483.42,497.47,529.43,0.8427,2
154,248,394.06,494.70,430.79,543.46,0.8359,1
154,250,518.01,454.85,554.38,495.61,0.8488,2
154,251,375.03,453.48,410.51,492.55,0.7235,2
154,256,342.04,436.95,372.48,466.43,0.8049,0
154,259,563.94,409.85,589.77,439.89,0.6674,0
154,242,362.27,807.21,382.81,828.49,0.7525,0
154,274,72.10,272.37,95.91,298.41,0.7404,0
154,276,167.62,231.51,195.70,260.31,0.8070,0
154,160,153.90,1095.85,188.06,1132.49,0.7079,1
154,291,494.17,466.19,515.77,496.06,0.7179,0
154,200,482.02,867.15,514.42,904.17,0.5543,1
154,260,328.39,399.32,367.68,427.83,0.6296,0
154,305,453.43,31.30,474.92,59.82,0.6760,0
154,266,329.38,370.08,350.55,393.05,0.5375,0
154,154,450.07,1191.89,483.38,1225.71,0.5078,0
154,218,109.54,743.71,139.48,770.66,0.6883,0
154,309,413.28,3.26,435.66,31.64,0.7138,0
154,310,41.14,624.94,59.44,645.51,0.5613,0
154,293,64.21,251.57,83.22,276.77,0.5989,0
154,173,179.13,1049.05,226.09,1081.48,0.6099,0
154,158,430.95,1137.53,461.68,1177.98,0.5034,1
154,174,373.93,1061.67,402.76,1090.75,0.5706,0
154,296,380.74,826.69,400.99,853.47,0.7301,0
154,220,80.72,771.03,101.77,791.23,0.5117,0
154,301,457.71,977.75,484.05,1007.47,0.5062,0
154,217,189.39,1009.30,214.08,1036.89,0.6192,0
155,167,47.42,1109.71,89.61,1134.93,0.5908,2
155,196,441.96,857.98,476.74,894.41,0.7723,2
155,215,358.89,767.68,407.45,812.41,0.8131,2
155,221,345.60,739.77,390.30,771.51,0.8272,0
155,235,195.27,652.98,220.34,688.81,0.7291,0
155,247,460.19,495.37,497.50,540.65,0.8420,2
155,248,394.15,506.68,430.65,554.41,0.8403,1
155,250,518.12,467.44,554.48,507.03,0.8499,2
155,251,375.31,464.05,409.68,505.04,0.6352,1
155,256,342.30,448.42,371.77,478.07,0.8052,0
155,259,564.09,422.00,589.97,450.39,0.6541,0
155,242,361.09,820.85,382.67,841.61,0.7400,0
155,274,70.71,282.02,94.80,309.70,0.6919,0
155,276,166.85,242.27,195.14,270.80,0.8057,0
155,291,494.09,479.79,516.69,506.82,0.6668,0
155,305,453.43,41.18,475.30,70.35,0.6678,0
155,154,450.39,1207.94,482.27,1241.37,0.5168,0
155,218,108.10,755.89,138.64,783.19,0.6780,0
155,309,412.64,11.23,436.33,42.13,0.7657,0
155,173,173.65,1061.94,225.19,1096.56,0.5556,0
155,296,379.53,840.48,400.40,866.44,0.6784,0
155,220,79.53,783.34,100.64,802.84,0.5014,0
155,277,134.44,254.30,156.94,283.62,0.5819,0
156,167,47.97,1126.44,86.46,1150.33,0.7116,2
156,196,441.51,874.03,476.77,907.46,0.8128,2
156,215,357.72,781.21,406.28,826.03,0.8234,2
156,221,345.07,752.50,389.81,784.87,0.7767,0
156,235,194.04,665.20,219.35,698.58,0.8120,0
156,247,459.93,507.93,497.23,552.46,0.8377,2
156,248,393.44,519.39,430.47,565.90,0.8427,1
156,250,518.26,479.31,554.45,519.00,0.8423,2
156,251,374.50,475.52,408.43,515.93,0.8154,2
156,256,342.22,458.90,372.40,489.63,0.8102,0
156,259,564.11,433.88,589.95,461.84,0.6770,0
156,242,360.49,834.74,382.16,855.32,0.6615,0
156,274,68.92,293.16,93.56,320.48,0.7443,0
156,276,166.69,254.28,194.53,281.45,0.8147,0
156,291,493.26,491.76,516.51,517.91,0.7422,0
156,305,453.37,51.76,475.17,80.34,0.7163,0
156,154,448.76,1222.79,482.84,1257.63,0.7696,0
156,218,108.44,769.91,138.19,796.23,0.5368,0
156,309,412.59,20.51,435.65,51.84,0.7420,0
156,173,171.35,1076.12,225.15,1113.53,0.5079,0
156,296,378.67,856.19,398.61,880.10,0.6370,0
156,220,77.50,795.03,99.91,815.60,0.6471,0
156,313,503.65,3.36,529.23,25.89,0.7723,0
156,277,133.47,260.39,156.49,293.47,0.6960,0
156,297,123.28,143.36,152.93,181.19,0.5828,2
156,160,150.43,1125.59,185.63,1161.66,0.6459,1
156,200,481.73,895.90,514.99,932.33,0.5033,0
156,260,327.72,421.55,367.01,451.41,0.5640,1
156,174,372.69,1087.65,402.27,1120.73,0.6100,1
156,217,186.46,1038.15,210.79,1064.48,0.6561,0
157,167,47.57,1143.39,82.98,1165.33,0.6367,2
157,196,441.12,889.75,476.39,921.36,0.8051,2
157,215,357.02,794.89,405.48,839.63,0.8140,2
157,221,344.53,765.75,388.60,798.04,0.7574,0
157,235,193.42,678.95,218.84,710.40,0.8026,0
157,247,460.01,520.87,497.27,564.66,0.8568,2
157,248,393.03,531.99,430.25,578.03,0.8381,1
157,250,518.27,490.84,554.49,530.54,0.8470,2
157,251,373.50,486.20,408.27,527.44,0.8175,2
157,256,341.27,471.16,371.38,500.86,0.7520,0
157,259,564.38,447.36,589.92,473.14,0.6743,0
157,242,360.24,849.47,381.42,868.66,0.6105,0
157,274,67.44,303.83,93.12,330.96,0.7510,0
157,276,165.88,263.64,194.54,292.42,0.7895,0
157,291,493.03,505.08,516.35,529.38,0.7079,0
157,305,453.43,61.10,475.76,90.41,0.7509,0
157,218,106.99,782.66,136.34,809.12,0.6653,0
157,309,412.55,29.88,435.77,61.19,0.6368,0
157,173,170.08,1092.97,224.63,1130.22,0.5467,0
157,296,378.33,871.36,398.62,894.51,0.6657,0
157,220,76.34,808.33,98.77,829.18,0.5973,0
157,313,503.65,11.80,528.95,35.03,0.7539,0
157,277,132.07,270.75,155.86,304.27,0.7231,0
157,314,450.27,22.56,466.96,53.32,0.5157,0
157,297,122.40,154.35,151.99,189.05,0.7163,2
157,160,150.06,1139.55,184.42,1177.22,0.6611,2
157,200,481.57,911.04,514.37,946.50,0.7373,1
157,260,327.31,433.65,365.72,462.61,0.5898,1
157,217,184.85,1052.95,209.59,1080.28,0.6575,0
157,166,377.90,1164.02,410.40,1199.56,0.5787,1
158,196,440.81,903.76,476.69,935.30,0.8156,2
158,215,356.38,808.12,404.67,853.07,0.8005,2
158,221,344.01,778.86,388.55,811.27,0.8117,0
158,235,192.12,691.72,217.75,722.68,0.7868,0
158,247,460.25,533.27,496.88,576.18,0.8397,2
158,248,392.42,545.02,430.05,589.64,0.8295,1
158,250,518.38,502.44,554.51,541.99,0.8447,2
158,251,372.82,498.25,406.70,538.84,0.8233,2
158,256,340.34,484.20,370.62,513.11,0.6628,0
158,259,564.46,455.47,590.41,485.10,0.6005,0
158,242,360.21,863.32,381.43,883.44,0.5874,0
158,274,66.62,314.18,91.71,341.91,0.7961,0
158,276,164.91,274.62,193.66,302.93,0.7790,0
158,291,492.92,517.02,516.05,541.14,0.6799,0
158,305,453.77,70.37,475.32,99.89,0.7501,0
158,218,105.45,794.31,135.95,822.00,0.6703,0
158,309,412.27,40.02,435.38,71.15,0.7108,0
158,296,378.06,885.92,398.02,909.07,0.6540,0
158,313,504.05,21.15,528.94,44.26,0.7808,0
158,277,130.32,282.97,155.42,316.18,0.7451,0
158,297,121.33,165.10,151.59,199.47,0.6700,2
158,200,481.66,923.35,515.23,960.13,0.6473,1
158,260,326.92,444.52,366.06,474.52,0.7685,1
158,217,183.45,1067.31,209.19,1097.09,0.6601,0
158,166,378.03,1178.62,409.46,1216.28,0.7076,1
158,298,80.04,221.39,97.97,242.29,0.6346,0
158,266,326.44,422.71,348.83,442.88,0.5280,0
159,196,440.90,919.36,476.57,949.54,0.7876,2
159,215,356.19,822.77,406.85,866.65,0.8003,2
159,221,343.66,792.80,386.94,825.09,0.8094,0
159,235,190.78,706.01,216.99,736.17,0.7503,0
159,247,460.30,545.60,496.55,588.27,0.8481,2
159,248,392.14,557.28,429.85,602.03,0.8260,1
159,250,518.45,514.77,554.65,554.03,0.8352,2
159,251,372.49,510.06,406.44,550.73,0.7795,2
159,256,339.57,495.37,370.24,524.61,0.6603,0
159,259,564.76,466.45,591.01,496.78,0.6082,0
159,242,359.29,877.53,382.03,897.73,0.6821,0
159,274,66.41,323.76,89.50,352.90,0.7418,0
159,276,163.64,285.27,193.15,314.45,0.6565,0
159,291,493.25,528.71,515.96,553.44,0.6927,0
159,305,453.55,80.70,475.24,109.68,0.6485,0
159,309,412.29,51.09,435.06,81.49,0.7621,0
159,296,378.18,900.10,397.91,923.89,0.5918,0
159,313,504.48,31.04,529.02,53.73,0.7492,0
159,277,129.83,295.38,153.96,326.55,0.6845,0
159,297,120.15,175.33,149.88,207.61,0.7112,2
159,260,326.35,457.69,365.57,487.14,0.7478,1
159,217,182.26,1083.29,208.63,1114.63,0.7576,0
159,316,55.90,256.45,72.49,275.28,0.5900,0
159,294,66.76,676.85,89.80,703.06,0.7129,0
159,173,168.43,1122.03,222.76,1161.08,0.6871,0
160,196,440.88,931.10,477.43,963.71,0.7021,2
160,215,355.83,836.99,406.76,880.75,0.8053,2
160,221,343.52,806.22,386.11,839.00,0.7843,0
160,235,190.17,718.44,215.58,748.74,0.7095,0
160,247,460.32,557.93,496.56,600.58,0.8483,2
160,248,392.21,569.34,429.93,614.14,0.8282,1
160,250,518.75,526.61,554.78,566.77,0.8478,2
160,251,372.01,522.66,406.67,562.61,0.8287,2
160,256,339.37,507.77,370.93,536.53,0.7084,0
160,259,565.08,478.69,591.43,508.38,0.6263,0
160,242,359.34,892.45,381.91,912.99,0.6825,0
160,274,65.77,334.16,88.18,363.34,0.7824,0
160,276,162.52,295.92,192.29,325.41,0.8061,0
160,291,492.98,541.29,515.73,565.67,0.7194,0
160,305,453.63,90.76,475.90,119.29,0.7586,0
160,309,412.06,59.86,435.50,91.31,0.7361,0
160,296,377.67,913.94,397.79,939.55,0.6068,0
160,313,504.57,41.23,529.24,63.52,0.7749,0
160,277,128.43,302.07,152.34,337.71,0.6292,0
160,297,119.44,186.30,149.16,217.42,0.7581,2
160,260,325.53,469.50,365.58,499.49,0.7258,1
160,217,180.94,1100.51,207.73,1131.91,0.8432,0
160,294,65.37,689.57,87.56,714.16,0.6868,0
160,173,166.09,1135.98,221.85,1176.05,0.5984,0
160,310,31.74,708.18,49.13,726.24,0.5558,0
160,301,456.97,1065.39,483.55,1096.02,0.5815,0
160,167,42.15,1192.09,77.10,1213.70,0.6531,2
160,220,71.46,846.99,94.79,870.99,0.5936,0
160,218,101.85,823.18,133.28,850.14,0.5793,0
160,200,482.00,947.04,515.82,988.92,0.6199,1
160,166,376.80,1212.64,409.27,1249.72,0.6330,1
160,266,325.01,447.60,348.75,469.97,0.5220,0
161,215,355.19,851.71,406.41,895.86,0.7843,2
161,221,342.97,820.45,385.34,852.34,0.7337,0
161,235,187.59,730.38,213.90,761.63,0.7341,0
161,247,460.20,570.06,496.49,612.69,0.8422,2
161,248,391.96,580.96,429.79,626.07,0.5977,1
161,250,519.21,537.94,554.95,578.48,0.8309,2
161,251,371.91,534.82,408.60,575.81,0.8057,2
161,256,338.92,520.38,370.38,548.10,0.7288,0
161,259,565.27,490.98,591.64,519.23,0.6305,0
161,242,359.40,906.49,381.21,928.19,0.6634,0
161,274,64.21,343.49,87.56,374.45,0.7461,0
161,276,161.47,306.94,191.62,336.32,0.8506,0
161,291,493.64,553.19,515.67,578.18,0.6341,0
161,305,453.08,101.76,475.47,129.71,0.7907,0
161,309,412.06,69.99,434.75,100.38,0.6787,0
161,296,376.90,929.38,398.39,954.53,0.6030,0
161,313,504.92,50.08,529.39,72.93,0.6796,0
161,277,125.27,301.63,151.52,348.62,0.7067,0
161,297,118.50,196.19,148.47,227.47,0.7883,2
161,260,324.96,482.17,365.96,512.09,0.7239,1
161,217,178.85,1114.75,207.23,1147.25,0.8075,0
161,294,64.60,702.12,86.47,726.27,0.5046,0
161,310,30.59,719.99,48.77,739.52,0.5267,0
161,301,456.64,1080.69,484.59,1110.57,0.5743,0
161,166,376.45,1228.24,408.16,1265.36,0.6156,1
161,266,324.36,460.18,348.29,482.55,0.5345,0
162,215,355.20,865.38,405.41,909.99,0.6583,2
162,221,342.99,834.23,388.33,866.22,0.7146,0
162,235,187.33,743.96,213.02,775.34,0.7539,0
162,247,460.16,581.87,496.63,624.57,0.8535,2
162,248,391.86,593.21,429.91,638.47,0.6146,1
162,250,519.85,550.37,555.24,589.72,0.7950,2
162,251,371.54,547.78,407.52,588.19,0.7958,2
162,256,338.46,532.33,370.03,559.85,0.7006,0
162,259,566.14,502.09,591.72,530.20,0.6195,0
162,242,358.54,920.36,380.55,943.64,0.7385,0
162,274,62.66,355.78,86.93,384.96,0.8070,0
162,276,160.14,318.71,190.43,347.06,0.8417,0
162,291,493.89,566.76,515.72,591.11,0.5953,0
162,305,453.49,110.76,475.58,139.49,0.7996,0
162,309,411.47,80.59,434.96,110.22,0.7224,0
162,296,376.83,943.40,397.20,969.20,0.6820,0
162,313,504.97,59.90,529.81,82.73,0.7823,0
162,277,125.86,322.00,150.61,359.89,0.7723,0
162,297,117.48,205.98,147.71,238.88,0.6503,2
162,260,324.27,494.99,365.76,524.64,0.7593,1
162,217,177.89,1129.44,206.38,1163.46,0.7740,0
162,301,456.90,1095.64,483.29,1127.41,0.6461,0
162,314,449.35,67.69,468.74,103.84,0.6788,0
162,160,142.91,1222.26,178.21,1260.03,0.5103,1
162,173,164.15,1171.12,219.76,1208.26,0.7331,0
162,218,96.75,851.90,128.47,877.51,0.6633,0
162,200,481.27,975.45,515.36,1018.32,0.7204,0
163,215,355.41,880.14,406.37,924.97,0.7980,2
163,221,341.62,848.29,388.64,881.00,0.6891,1
163,235,185.79,758.00,211.70,788.56,0.7381,0
163,247,460.17,591.63,496.65,636.80,0.8398,2
163,248,391.67,606.09,429.38,651.62,0.6184,2
163,250,520.49,562.98,555.54,601.66,0.7680,2
163,251,371.23,560.49,406.59,600.52,0.7582,2
163,256,337.97,546.05,369.92,572.98,0.8047,0
163,259,567.11,514.70,591.72,542.14,0.6116,0
163,242,357.41,936.48,380.24,959.31,0.5273,0
163,274,60.68,368.53,85.86,395.86,0.7343,0
163,276,159.53,329.35,189.02,357.95,0.8143,0
163,305,453.41,120.73,475.44,149.92,0.7755,0
163,309,411.32,90.78,434.38,120.15,0.7490,0
163,296,376.01,961.29,395.23,984.93,0.7203,0
163,313,505.26,70.41,530.00,92.78,0.7664,0
163,277,125.24,337.94,149.87,370.80,0.6973,0
163,297,116.62,217.32,147.19,251.80,0.7392,2
163,260,324.11,509.01,365.39,537.21,0.6590,0
163,217,177.84,1147.43,204.37,1181.08,0.5770,0
163,320,391.67,605.92,429.38,651.51,0.5436,1
163,321,373.33,798.15,417.71,841.10,0.6475,1
163,314,450.21,79.42,469.18,114.95,0.5585,0
163,173,162.25,1187.63,218.12,1225.01,0.6792,0
163,218,95.30,863.13,126.48,892.79,0.7359,0
163,196,440.52,977.98,476.49,1008.90,0.7190,2
163,220,66.71,889.80,90.14,912.56,0.7625,0
163,166,374.32,1261.22,411.53,1280.00,0.5282,1
163,266,323.68,484.76,346.80,508.83,0.6444,0
164,215,355.29,895.39,405.27,939.33,0.8245,2
164,221,340.97,863.01,387.34,896.29,0.6216,1
164,235,185.70,775.18,210.84,801.87,0.6784,0
164,247,459.87,605.81,496.67,649.97,0.8422,2
164,248,391.30,619.61,429.25,664.51,0.7337,1
164,250,520.51,575.25,555.31,614.14,0.7769,2
164,251,370.79,572.97,405.57,613.41,0.7605,2
164,256,337.26,557.04,369.50,585.88,0.7790,0
164,259,567.61,527.00,592.02,554.24,0.6392,0
164,242,357.15,952.58,380.04,975.82,0.5742,0
164,274,58.54,380.62,85.01,407.25,0.7499,0
164,276,158.08,340.49,188.25,369.86,0.7935,0
164,305,453.44,131.38,475.55,160.54,0.7492,0
164,309,410.93,99.04,434.22,130.84,0.7853,0
164,313,504.94,80.84,529.91,103.05,0.7265,0
164,277,124.39,352.12,149.20,383.14,0.7674,0
164,297,115.21,229.11,146.41,263.45,0.7276,2
164,260,323.38,520.45,365.07,549.97,0.6874,0
164,217,176.97,1163.10,202.95,1198.61,0.6545,0
164,321,372.95,813.55,418.25,854.86,0.7302,1
164,314,450.02,93.74,469.35,126.18,0.5718,0
164,173,163.48,1205.49,216.34,1243.40,0.6076,0
164,218,94.03,879.48,125.37,907.67,0.6953,0
164,322,148.53,2.02,187.04,31.70,0.5067,2
164,196,440.04,994.79,476.41,1024.47,0.6648,2
164,266,323.01,499.67,346.51,521.87,0.5902,0
164,294,59.18,741.19,83.75,774.48,0.5320,0
164,291,493.99,593.93,516.28,617.23,0.6379,0
164,301,455.67,1126.44,483.31,1161.01,0.7135,0
164,200,480.59,1006.72,516.14,1048.98,0.7375,1
165,215,354.28,910.14,403.23,954.43,0.8162,2
165,221,339.62,878.41,386.93,910.97,0.7272,0
165,235,184.28,791.21,209.37,816.06,0.7102,0
165,247,460.08,620.35,496.56,663.33,0.8427,2
165,248,390.92,633.31,429.21,677.72,0.5927,1
165,250,520.73,589.56,555.02,626.97,0.7878,2
165,251,369.80,585.25,406.56,626.15,0.7418,2
165,256,336.41,570.77,368.97,598.87,0.7124,0
165,259,568.19,540.13,592.11,566.67,0.5635,0
165,242,356.69,969.69,379.51,992.51,0.7095,0
165,274,56.74,393.11,83.89,419.33,0.7781,0
165,276,157.03,352.38,187.19,381.82,0.7922,0
165,305,453.42,141.84,476.06,170.68,0.7467,0
165,309,410.85,110.10,434.96,141.53,0.6440,0
165,313,504.88,91.68,530.30,113.19,0.6437,0
165,277,123.25,365.23,147.90,393.54,0.7635,0
165,297,113.62,239.40,145.24,275.05,0.7976,2
165,260,322.45,533.25,364.52,562.89,0.6232,1
165,321,371.91,829.28,419.16,867.42,0.7370,1
165,314,451.19,105.60,468.77,136.37,0.5438,0
165,322,150.20,3.80,185.83,41.14,0.7617,2
165,266,322.40,514.80,346.03,535.20,0.5763,0
165,323,107.72,2.21,141.59,28.75,0.7325,2
165,294,57.35,756.33,81.22,784.84,0.6381,0
165,301,455.92,1144.13,483.20,1177.71,0.6371,0
165,200,480.64,1025.38,515.89,1064.59,0.6003,1
165,293,51.82,372.40,71.00,394.53,0.6012,0
165,296,375.83,992.69,394.63,1017.44,0.6384,0
165,220,63.19,919.89,86.16,943.10,0.5624,0
166,215,353.26,925.79,402.00,969.65,0.7877,2
166,221,339.23,893.96,386.51,926.59,0.7893,0
166,235,182.67,804.35,208.73,831.43,0.6293,0
166,247,459.81,634.96,496.46,676.79,0.8265,2
166,248,390.85,647.10,428.73,691.53,0.8047,1
166,250,520.91,603.12,554.70,640.61,0.8112,2
166,251,369.48,598.74,405.43,640.02,0.7936,2
166,256,335.84,584.19,368.77,612.01,0.7533,0
166,259,568.02,554.22,592.21,579.32,0.6853,0
166,242,356.59,985.41,379.58,1008.14,0.5254,0
166,274,55.66,405.03,82.61,432.33,0.7939,0
166,276,156.35,364.59,186.27,394.22,0.8262,0
166,305,452.95,153.12,475.52,181.59,0.7562,0
166,309,410.78,122.05,434.23,151.57,0.6442,0
166,313,505.70,101.72,530.03,123.27,0.5365,0
166,277,122.89,377.47,146.87,405.70,0.6306,0
166,297,112.84,250.64,143.79,287.32,0.6963,2
166,260,322.33,547.61,363.44,576.11,0.7509,1
166,321,371.53,844.09,418.82,883.83,0.6292,1
166,314,450.97,115.05,467.99,146.73,0.5227,0
166,322,148.46,8.21,183.66,51.10,0.8490,2
166,266,321.89,528.73,345.27,548.46,0.5015,0
166,323,107.18,3.83,139.84,38.36,0.8193,2
166,294,55.80,772.05,80.10,797.89,0.5069,0
166,200,480.70,1041.46,515.53,1080.72,0.7630,0
166,296,375.24,1009.19,394.16,1033.79,0.5626,0
166,220,62.34,934.53,84.72,958.32,0.5664,0
166,173,158.16,1238.12,212.96,1278.81,0.5473,0
166,218,90.71,910.15,122.59,937.39,0.5014,0
166,291,494.37,621.65,516.16,643.42,0.5812,0
167,215,352.80,942.62,400.58,985.93,0.8024,2
167,221,338.84,908.73,384.88,942.42,0.7150,0
167,235,180.17,818.40,207.32,846.93,0.7163,0
167,247,460.17,648.86,496.13,690.67,0.7819,2
167,248,390.54,660.13,428.34,705.59,0.7983,1
167,250,521.96,616.63,554.92,653.92,0.8088,2
167,251,368.86,612.63,402.43,652.95,0.8006,2
167,256,335.56,597.97,368.41,625.88,0.6868,0
167,259,567.65,568.00,592.59,592.21,0.5666,0
167,242,355.92,1001.73,378.67,1024.30,0.5096,0
167,274,54.69,415.36,81.58,444.88,0.8029,0
167,276,154.72,376.77,185.92,406.85,0.8134,0
167,305,452.79,163.79,475.83,192.72,0.7943,0
167,309,410.88,132.92,433.99,162.63,0.6296,0
167,313,505.71,112.36,530.36,134.11,0.6214,0
167,277,121.46,389.58,146.41,417.67,0.6810,0
167,260,321.89,560.99,363.66,589.20,0.7007,1
167,321,370.98,858.90,420.85,901.22,0.5700,1
167,322,147.07,15.25,183.11,61.24,0.8481,2
167,323,104.94,7.35,137.51,48.28,0.8390,2
167,294,54.07,786.99,78.50,817.29,0.5101,0
167,296,374.18,1026.81,392.94,1051.62,0.5389,0
167,325,184.67,2.12,212.14,22.85,0.7853,0
167,327,86.06,2.25,111.16,29.83,0.7405,0
167,310,18.63,808.96,35.36,829.79,0.5276,0
167,217,170.03,1216.46,198.31,1253.26,0.6249,0
167,301,454.77,1178.45,483.63,1210.85,0.5953,0
167,293,49.35,397.58,68.07,418.28,0.5045,0
168,215,352.43,958.79,401.19,1003.12,0.8057,2
168,221,338.69,924.99,383.82,959.03,0.7166,0
168,235,179.22,832.78,206.41,861.43,0.7755,0
168,247,460.23,662.31,496.77,704.63,0.7997,2
168,248,390.11,675.14,427.85,719.01,0.7488,1
168,250,521.88,631.95,555.47,667.49,0.8130,2
168,251,368.41,625.94,402.71,666.29,0.7957,2
168,256,335.19,610.64,369.13,639.47,0.7680,0
168,274,53.96,428.45,79.93,456.38,0.7807,0
168,276,153.66,388.94,185.10,419.25,0.7868,0
168,305,452.95,173.58,475.50,203.27,0.8069,0
168,309,410.78,144.40,433.46,173.66,0.7071,0
168,313,507.31,123.06,530.88,144.45,0.7250,0
168,277,119.76,391.85,145.36,429.97,0.6882,0
168,260,321.55,573.25,362.95,602.53,0.7779,1
168,321,369.38,873.69,422.46,915.82,0.7600,1
168,322,146.66,24.48,182.06,72.16,0.8521,2
168,323,104.11,12.94,137.13,58.33,0.7940,2
168,294,52.46,799.92,76.15,829.93,0.5802,0
168,325,184.10,4.74,210.08,33.30,0.7451,0
168,327,84.96,5.84,110.72,38.00,0.7412,0
168,310,17.27,824.31,34.98,844.55,0.6399,0
168,217,168.48,1231.98,197.19,1270.59,0.7762,0
168,301,454.90,1193.59,482.85,1229.04,0.6814,0
168,293,47.01,409.52,66.58,430.55,0.5445,0
168,266,321.16,554.55,345.40,575.03,0.5321,0
168,200,480.43,1074.03,517.56,1113.58,0.5826,1
168,220,58.82,966.69,82.71,988.81,0.5085,0
169,215,351.30,974.39,401.37,1018.51,0.7451,2
169,221,337.80,940.59,384.08,975.25,0.7869,0
169,235,177.56,847.19,206.03,876.43,0.6909,0
169,247,460.76,675.71,497.12,719.25,0.7716,2
169,248,390.05,688.80,427.78,732.74,0.6737,1
169,250,522.55,646.17,556.00,680.72,0.8251,2
169,251,368.15,639.23,402.96,679.56,0.7669,2
169,256,334.69,621.55,369.78,653.03,0.6856,0
169,274,52.69,439.67,77.46,468.10,0.7559,0
169,276,152.45,400.92,183.88,430.76,0.8214,0
169,305,453.07,185.05,475.12,213.94,0.7915,0
169,309,410.23,154.33,433.37,184.79,0.7930,0
169,313,507.25,134.22,530.92,155.28,0.7849,0
169,277,117.61,400.89,143.68,442.13,0.6514,0
169,260,321.64,585.45,362.05,615.82,0.5933,1
169,321,368.76,887.96,423.53,930.12,0.8148,1
169,322,145.92,34.44,180.95,81.09,0.8786,2
169,323,103.07,20.58,136.24,68.47,0.8182,2
169,325,182.85,7.09,209.21,42.59,0.7644,0
169,327,84.05,14.04,109.32,47.48,0.7962,0
169,310,15.60,838.50,34.40,859.02,0.6737,0
169,297,108.58,284.01,139.46,320.66,0.7041,2
169,259,568.63,593.86,593.19,617.65,0.5125,0
169,296,372.36,1056.24,396.45,1083.46,0.5284,0
170,215,351.80,989.92,402.35,1036.16,0.7400,2
170,221,337.20,956.12,385.13,991.23,0.7536,0
170,235,174.43,861.11,205.58,891.90,0.6992,0
170,247,460.34,688.12,497.84,732.46,0.7528,2
170,248,389.81,703.85,427.57,746.65,0.7599,1
170,250,523.09,658.39,556.57,693.17,0.8380,2
170,251,367.83,652.45,404.44,693.58,0.7585,2
170,256,334.36,634.14,370.75,666.35,0.7572,0
170,274,51.23,451.31,75.46,479.91,0.6423,0
170,276,152.50,412.97,182.45,442.42,0.7986,0
170,305,453.26,195.99,475.69,224.99,0.7490,0
170,309,410.36,164.03,434.69,195.28,0.8113,0
170,313,506.70,144.65,531.73,165.79,0.6223,0
170,277,115.71,404.65,143.56,454.20,0.7287,0
170,260,320.47,597.06,362.52,628.68,0.7057,1
170,321,368.67,902.96,426.79,944.93,0.7583,1
170,322,146.04,46.73,180.44,91.11,0.8577,2
170,323,102.10,32.11,135.72,78.36,0.8219,2
170,325,181.52,15.60,210.23,51.95,0.6835,0
170,327,83.56,22.75,107.22,58.22,0.7038,0
170,297,107.70,295.54,138.56,331.48,0.7616,2
170,242,354.12,1050.32,375.63,1073.97,0.5884,0
170,294,49.24,827.83,73.41,855.65,0.5264,0
170,220,53.45,998.97,79.91,1020.29,0.5693,0
171,215,351.46,1006.22,402.50,1053.20,0.7152,2
171,221,336.98,971.86,383.77,1007.22,0.8091,0
171,235,172.91,875.36,204.42,905.83,0.6474,0
171,247,461.23,701.95,498.34,745.08,0.7716,2
171,248,389.83,718.16,427.48,760.94,0.5037,1
171,250,523.62,672.59,557.39,706.09,0.8092,2
171,251,367.63,665.97,405.91,707.00,0.7530,2
171,256,334.19,646.83,370.32,679.49,0.7314,0
171,274,49.66,463.32,73.56,490.86,0.7315,0
171,276,151.75,424.75,181.75,454.50,0.8423,0
171,305,453.28,207.06,475.79,236.11,0.7817,0
171,309,410.91,174.35,434.79,206.02,0.6015,0
171,313,507.92,154.60,532.64,176.28,0.7547,0
171,277,114.21,413.17,142.51,466.60,0.7388,0
171,260,320.03,611.16,362.54,641.90,0.7067,0
171,322,145.21,56.73,180.00,101.23,0.8640,2
171,323,102.08,42.59,134.90,87.46,0.8304,2
171,325,180.75,25.01,209.38,61.88,0.6938,0
171,327,82.44,32.64,106.02,68.30,0.7364,0
171,297,106.55,307.46,138.14,343.73,0.7808,2
171,294,47.55,841.60,73.04,869.85,0.5774,0
171,301,454.84,1243.28,483.63,1279.27,0.6756,0
172,215,350.59,1022.34,402.08,1069.33,0.7041,2
172,221,336.71,987.63,382.98,1022.74,0.7446,0
172,235,172.38,892.98,202.39,921.23,0.7744,0
172,247,461.00,714.99,498.44,757.92,0.7355,2
172,248,389.68,732.07,427.53,774.88,0.6725,1
172,250,524.25,687.57,557.85,719.61,0.8061,2
172,251,367.42,679.56,404.90,720.79,0.7490,2
172,256,334.38,660.62,369.92,693.44,0.7326,0
172,274,48.20,475.42,73.08,503.45,0.6987,0
172,276,150.35,437.19,181.35,466.63,0.8103,0
172,305,453.19,217.50,475.84,246.52,0.7722,0
172,309,410.20,186.65,434.04,216.78,0.6648,0
172,313,508.74,165.08,533.09,186.68,0.5560,0
172,277,111.61,420.67,142.59,478.50,0.7713,0
172,260,319.72,625.46,362.24,655.43,0.5588,0
172,322,143.76,65.94,179.24,111.53,0.8722,2
172,323,101.73,52.69,133.72,97.56,0.7727,2
172,325,180.06,36.30,208.80,72.60,0.8016,0
172,327,81.30,42.15,105.64,77.21,0.7192,0
172,297,105.86,319.35,137.04,355.27,0.7970,2
172,332,183.21,2.20,210.79,28.80,0.7001,0
172,296,371.71,1105.07,396.61,1134.34,0.5473,0
172,321,368.80,933.55,428.62,976.05,0.7357,1
172,242,354.12,1082.92,375.29,1107.19,0.5346,0
173,215,350.82,1038.01,401.46,1084.89,0.7649,2
173,221,336.05,1003.03,384.91,1038.67,0.8026,0
173,235,172.37,908.40,201.15,936.14,0.8173,0
173,247,461.68,730.04,498.75,771.12,0.7499,2
173,248,389.33,746.71,427.70,788.78,0.6126,1
173,250,525.40,700.68,558.34,733.04,0.7811,2
173,251,366.91,692.71,405.76,734.86,0.7134,2
173,256,334.88,675.46,368.30,707.25,0.6927,0
173,274,47.19,488.19,72.62,515.56,0.8257,0
173,276,150.43,449.50,180.88,478.50,0.8370,0
173,305,453.66,228.85,476.09,257.84,0.7321,0
173,309,410.45,198.73,433.51,227.32,0.7073,0
173,313,508.60,176.23,533.20,197.68,0.7474,0
173,277,113.56,447.78,140.54,490.53,0.5667,0
173,260,319.22,639.10,360.99,668.15,0.6073,1
173,322,142.77,76.39,178.78,122.37,0.8478,2
173,323,100.96,61.47,132.70,107.57,0.7449,2
173,325,180.23,47.95,208.53,82.63,0.7884,0
173,327,79.83,52.18,104.15,87.20,0.7626,0
173,297,104.54,330.78,136.55,366.85,0.7730,2
173,332,181.23,8.30,210.02,37.91,0.7329,0
173,296,371.86,1122.93,395.19,1153.09,0.6665,0
173,321,368.55,948.85,427.81,991.75,0.7829,1
173,242,353.72,1099.85,375.81,1124.48,0.7250,0
173,294,45.19,870.68,70.41,897.96,0.5607,0
174,215,350.65,1053.74,401.24,1100.95,0.7415,2
174,221,335.83,1018.43,384.47,1054.56,0.8400,0
174,235,172.38,923.62,200.00,950.40,0.7845,0
174,247,461.98,746.38,499.42,784.50,0.7359,2
174,248,389.44,762.18,427.70,802.70,0.7679,1
174,250,526.59,716.05,558.82,746.24,0.7852,2
174,251,366.54,706.89,406.37,748.24,0.7062,2
174,256,334.29,687.66,368.78,720.31,0.7384,0
174,274,46.42,499.88,72.41,527.71,0.7858,0
174,276,148.91,462.08,180.25,490.65,0.8423,0
174,305,453.77,238.54,476.09,268.74,0.7750,0
174,309,410.66,208.67,434.00,238.88,0.7764,0
174,313,508.80,187.35,533.21,208.84,0.7709,0
174,277,113.87,460.92,139.79,502.92,0.6127,0
174,260,318.45,649.50,360.72,682.11,0.5922,1
174,322,142.17,86.97,177.85,131.83,0.7779,2
174,323,99.94,72.16,132.03,117.56,0.7815,2
174,325,179.57,58.26,209.16,92.51,0.7321,0
174,327,78.63,61.81,103.40,97.20,0.7500,0
174,297,104.13,342.98,135.91,378.34,0.6295,2
174,332,178.24,15.87,209.56,47.45,0.7405,0
174,321,367.79,964.04,427.85,1006.50,0.7643,1
174,242,353.32,1116.32,375.49,1141.50,0.6098,0
174,334,213.33,7.95,231.65,27.32,0.5194,0
174,294,43.67,884.22,69.94,912.55,0.7031,0
174,218,79.74,1033.92,111.38,1061.33,0.6336,0
174,310,5.27,917.03,23.57,937.11,0.5550,0
175,215,350.30,1069.77,399.50,1118.97,0.6563,2
175,221,335.83,1033.42,384.49,1070.54,0.7335,0
175,235,170.90,938.95,198.85,964.09,0.6886,0
175,247,462.71,761.56,500.61,799.14,0.6837,2
175,248,389.40,775.73,427.58,816.61,0.7726,1
175,250,528.08,730.96,560.31,760.04,0.7829,2
175,251,366.13,720.70,408.78,761.45,0.6133,2
175,256,334.22,701.87,369.69,733.79,0.7110,0
175,274,45.34,511.92,71.97,539.40,0.7027,0
175,276,148.54,473.83,179.87,502.68,0.8385,0
175,305,454.20,249.38,475.72,279.46,0.7621,0
175,309,410.67,219.24,433.82,249.93,0.8285,0
175,313,508.97,198.42,533.83,219.04,0.8339,0
175,277,114.05,478.82,139.27,515.21,0.6471,0
175,260,318.11,660.23,362.43,696.36,0.6610,1
175,322,141.36,97.47,177.31,141.83,0.8231,2
175,323,98.92,82.52,131.89,127.43,0.8382,2
175,325,179.69,67.78,208.72,102.21,0.7564,0
175,327,77.63,72.47,102.83,107.17,0.7008,0
175,297,103.03,354.23,135.55,390.16,0.7557,2
175,332,175.23,25.40,209.58,58.19,0.6912,0
175,321,368.34,979.31,427.81,1021.97,0.7366,1
175,242,352.98,1132.39,375.36,1157.08,0.6225,0
175,294,42.36,898.12,69.30,928.44,0.7005,0
175,310,4.40,931.84,23.21,951.53,0.5330,0
176,215,349.30,1086.61,399.30,1135.19,0.6865,2
176,221,335.65,1048.94,383.52,1086.49,0.7110,0
176,235,169.15,953.90,198.50,978.95,0.7096,0
176,247,464.32,774.75,501.67,813.29,0.7425,2
176,248,389.77,789.96,428.30,831.04,0.6430,2
176,250,528.43,743.95,561.44,773.52,0.7801,2
176,251,365.92,734.63,409.46,775.17,0.6639,2
176,256,334.17,714.33,370.18,746.01,0.7278,0
176,274,44.75,524.72,71.14,551.08,0.7106,0
176,276,147.72,485.43,179.73,514.82,0.8378,0
176,305,453.86,261.25,476.41,290.35,0.7361,0
176,309,410.81,229.28,435.16,260.66,0.8256,0
176,313,509.21,208.73,534.19,229.15,0.7770,0
176,277,112.00,483.33,139.16,527.11,0.7204,0
176,260,317.82,670.41,361.91,710.35,0.6976,0
176,322,140.57,107.38,176.99,151.30,0.8536,2
176,323,98.24,91.63,131.93,137.68,0.7724,2
176,325,178.82,76.02,208.44,112.43,0.7367,0
176,327,77.52,82.50,102.16,116.29,0.5926,0
176,297,102.44,365.91,135.42,401.82,0.5741,2
176,332,167.80,34.99,209.86,69.09,0.6062,0
176,321,368.21,995.67,426.76,1038.12,0.7008,1
176,242,353.51,1148.42,375.95,1173.67,0.5137,0
176,336,317.79,669.69,362.04,710.55,0.5993,1
177,215,349.92,1101.58,400.44,1150.21,0.6657,2
177,221,335.88,1063.88,383.83,1100.91,0.7466,0
177,235,168.21,967.98,198.18,993.47,0.6858,0
177,247,466.03,786.59,502.00,826.90,0.7666,2
177,248,389.83,802.82,428.71,844.51,0.6511,2
177,250,531.73,757.99,561.59,785.28,0.7401,2
177,251,365.80,748.55,409.69,788.42,0.7778,2
177,256,334.10,728.54,368.42,759.14,0.7483,0
177,274,43.92,536.70,71.05,563.15,0.7119,0
177,276,147.04,497.62,179.35,526.24,0.8233,0
177,305,454.37,273.15,477.01,301.42,0.7007,0
177,309,410.49,240.46,435.53,271.34,0.7645,0
177,313,509.53,218.87,534.36,239.87,0.7455,0
177,277,111.73,499.13,138.96,537.96,0.6315,0
177,260,317.82,683.69,360.88,723.32,0.6782,0
177,322,140.32,117.43,176.72,162.07,0.7693,2
177,323,97.95,100.62,131.45,147.48,0.8126,2
177,325,177.96,85.79,208.08,123.03,0.7997,0
177,332,169.27,45.36,210.06,78.66,0.6884,0
177,321,368.56,1010.99,423.98,1053.61,0.6900,1
177,242,352.77,1164.43,375.44,1188.85,0.5822,0
177,336,317.84,683.82,361.04,723.07,0.5394,1
177,337,438.12,1.97,465.07,29.87,0.7587,2
177,296,371.05,1192.08,396.97,1219.40,0.6626,0
177,294,40.18,926.98,66.50,955.29,0.5776,0
177,310,3.66,962.52,22.27,983.01,0.5336,0
178,215,350.58,1115.27,399.31,1164.23,0.7628,2
178,221,335.57,1078.53,384.64,1115.91,0.8172,0
178,235,169.04,982.55,198.69,1007.16,0.6386,0
178,247,466.77,800.39,503.10,840.77,0.6403,2
178,248,389.93,814.63,428.93,857.77,0.6457,1
178,250,535.48,772.78,561.66,797.77,0.7065,2
178,251,366.60,761.49,410.32,801.07,0.7263,2
178,256,334.05,741.48,368.62,772.05,0.7454,0
178,274,42.79,547.99,71.01,575.40,0.7907,0
178,276,147.33,509.00,178.98,537.58,0.8175,0
178,305,454.90,283.72,478.08,312.68,0.6999,0
178,309,410.85,250.64,435.44,282.24,0.7448,0
178,313,509.63,229.44,534.92,250.61,0.6371,0
178,277,111.73,515.86,139.76,549.27,0.6335,0
178,322,140.31,127.53,176.76,172.78,0.7352,2
178,323,97.88,112.44,130.55,157.78,0.8334,2
178,325,178.85,96.88,207.60,133.04,0.7400,0
178,332,172.16,55.16,210.05,88.00,0.7664,0
178,321,369.09,1024.72,428.13,1067.63,0.7351,1
178,242,352.94,1181.40,375.46,1206.83,0.6272,0
178,337,439.08,5.26,464.59,38.76,0.8109,2
178,338,413.30,1.93,438.33,26.58,0.7487,0
178,296,370.69,1206.67,399.57,1236.45,0.5989,0
178,294,39.14,938.50,65.93,969.98,0.7000,0
178,298,56.97,457.68,74.04,478.77,0.5302,0
178,327,77.52,102.97,100.59,136.31,0.5680,0
179,215,350.82,1130.04,399.08,1180.40,0.6886,2
179,221,335.59,1093.25,383.81,1130.57,0.8311,0
179,235,169.99,997.14,198.24,1022.56,0.7182,0
179,248,389.89,825.96,429.22,871.19,0.7052,2
179,250,538.63,787.55,562.28,810.63,0.5908,2
179,251,367.33,773.65,411.34,814.69,0.7041,2
179,256,334.32,754.84,368.21,785.11,0.7338,0
179,274,41.60,559.29,70.51,587.33,0.8063,0
179,276,147.12,520.57,178.80,549.39,0.8319,0
179,305,454.54,294.60,479.29,323.58,0.7939,0
179,309,411.30,261.87,435.43,292.72,0.6932,0
179,313,510.51,240.55,535.45,260.98,0.5945,0
179,277,111.87,527.08,140.78,561.68,0.6783,0
179,322,140.26,137.57,176.46,183.81,0.8036,2
179,323,97.10,122.34,130.42,167.78,0.8439,2
179,325,178.02,106.25,207.66,142.60,0.7809,0
179,332,170.52,64.86,209.84,98.77,0.6727,0
179,321,369.52,1038.49,427.35,1082.40,0.6662,1
179,337,439.40,13.64,464.23,48.54,0.8229,2
179,338,413.54,8.04,437.51,35.42,0.7550,0
179,294,38.58,951.65,64.17,984.28,0.5736,0
179,339,502.16,2.03,529.33,18.91,0.7380,0
179,298,56.91,469.81,73.66,491.27,0.6008,0
179,327,76.71,112.72,100.49,146.16,0.7312,0
179,297,101.89,397.87,134.75,433.74,0.6845,2
179,260,317.98,712.49,359.91,749.92,0.5696,0
179,310,1.04,992.70,18.99,1012.43,0.5613,0
180,215,350.73,1145.13,400.31,1195.92,0.6412,2
180,221,336.00,1107.31,384.59,1145.21,0.8283,0
180,235,168.19,1010.44,198.33,1036.34,0.7235,0
180,248,389.93,839.03,429.10,884.25,0.7057,2
180,250,539.57,800.51,563.21,823.19,0.5904,2
180,251,368.40,787.12,410.67,827.59,0.7825,2
180,256,333.91,768.49,368.74,797.85,0.7822,0
180,274,41.11,570.17,69.64,599.15,0.8107,0
180,276,146.87,532.21,178.42,560.62,0.8254,0
180,305,454.83,305.94,479.72,334.22,0.7821,0
180,309,411.55,272.56,435.34,303.33,0.7863,0
180,313,510.93,252.11,535.96,271.78,0.7118,0
180,277,111.86,541.47,140.19,573.55,0.7030,0
180,322,139.95,146.74,175.70,193.48,0.8077,2
180,323,96.80,133.27,130.31,177.76,0.8201,2
180,325,177.58,116.50,207.18,152.72,0.8027,0
180,332,171.32,75.60,209.57,108.98,0.7869,0
180,321,368.58,1051.74,427.27,1095.78,0.7230,1
180,337,439.41,23.35,463.90,58.15,0.8234,2
180,338,413.35,16.80,437.72,45.88,0.7405,0
180,339,502.56,5.23,528.27,28.74,0.6895,0
180,327,76.67,123.58,100.16,155.83,0.7055,0
180,342,459.73,1.98,483.17,26.79,0.6463,1
180,343,96.86,443.89,115.69,466.76,0.5283,0
180,297,101.66,409.47,134.47,445.03,0.6549,2
180,260,317.91,726.22,360.80,763.72,0.7397,0
180,310,0.79,1007.12,17.65,1027.88,0.5194,0
180,247,469.01,828.36,504.34,866.65,0.5734,2
181,215,350.50,1160.17,400.69,1210.60,0.7907,2
181,221,336.09,1121.49,384.47,1159.51,0.7794,0
181,235,168.22,1024.16,197.48,1050.00,0.7445,0
181,248,389.87,845.06,430.17,897.72,0.6009,2
181,250,539.62,814.14,563.96,836.31,0.6390,2
181,251,368.43,800.08,411.10,840.70,0.7850,2
181,256,334.32,781.42,368.65,810.88,0.7869,0
181,274,41.41,582.73,69.47,611.06,0.7942,0
181,276,147.07,543.17,178.16,572.55,0.8108,0
181,305,455.08,317.19,479.22,344.63,0.7946,0
181,309,411.54,284.26,434.82,314.83,0.7789,0
181,313,510.30,262.93,536.09,282.27,0.7752,0
181,277,111.78,555.57,138.99,585.20,0.7897,0
181,322,139.23,156.80,175.69,203.11,0.8125,2
181,323,96.11,143.93,130.47,188.14,0.8327,2
181,325,176.40,125.36,207.28,163.05,0.7894,0
181,332,172.60,85.99,209.55,118.84,0.7347,0
181,321,368.86,1066.04,428.04,1110.18,0.7933,1
181,337,439.63,33.25,463.87,67.81,0.8239,2
181,338,413.46,26.40,437.75,55.60,0.7995,0
181,339,501.74,9.62,528.16,38.53,0.7193,0
181,327,76.43,133.11,99.93,164.94,0.6176,0
181,342,461.10,5.32,482.87,36.77,0.7989,1
181,297,101.30,421.00,134.47,455.13,0.7757,2
181,260,317.67,740.84,361.52,776.87,0.6767,0
181,310,0.73,1021.76,16.22,1042.96,0.5027,0
181,247,469.25,841.63,505.12,880.43,0.6310,2
181,293,34.42,564.60,55.63,584.01,0.5671,0
181,242,352.91,1226.18,374.46,1253.84,0.6146,0
181,296,371.59,1252.21,400.36,1279.90,0.5273,0
181,298,56.17,492.89,73.29,515.25,0.6981,0
182,215,350.24,1175.14,400.35,1224.85,0.7777,2
182,221,336.03,1135.60,384.94,1174.01,0.6649,0
182,235,168.26,1037.85,196.64,1064.13,0.6922,0
182,248,390.19,860.68,429.97,911.03,0.6230,2
182,251,368.16,813.99,411.37,853.94,0.8034,2
182,256,334.44,794.10,368.28,823.52,0.7888,0
182,274,42.16,595.30,68.67,622.19,0.7801,0
182,276,146.96,554.56,178.08,584.14,0.8405,0
182,305,455.73,327.50,479.27,355.67,0.7600,0
182,309,411.73,294.46,435.91,325.90,0.7994,0
182,313,510.81,272.87,536.34,292.18,0.7825,0
182,277,112.11,567.04,138.07,595.96,0.7061,0
182,322,139.41,167.27,175.54,213.42,0.7997,2
182,323,96.33,152.33,130.03,197.90,0.8307,2
182,325,175.65,136.39,207.13,173.25,0.7938,0
182,332,173.91,96.55,209.55,127.79,0.7733,0
182,321,368.84,1080.31,426.93,1123.76,0.7823,1
182,337,439.47,41.71,464.36,76.72,0.8061,2
182,338,413.62,35.94,437.16,65.18,0.7433,0
182,339,502.46,16.00,528.08,47.84,0.7772,0
182,327,75.94,141.99,100.03,175.63,0.7565,0
182,297,100.73,431.13,134.22,467.20,0.7429,2
182,260,317.43,751.90,362.47,789.01,0.7140,0
182,310,0.91,1035.40,15.94,1056.89,0.5076,0
182,247,470.14,854.03,505.92,893.00,0.5764,2
182,293,33.59,575.73,55.13,595.92,0.6416,0
182,242,352.87,1241.22,375.36,1268.94,0.5962,0
183,215,350.89,1189.47,398.93,1239.78,0.8018,2
183,221,336.04,1150.04,383.89,1188.38,0.7558,0
183,235,167.26,1052.19,196.25,1078.11,0.7521,0
183,248,390.23,875.25,429.40,923.84,0.5321,2
183,251,367.67,827.25,411.95,866.64,0.7903,2
183,256,334.80,807.08,368.55,836.25,0.7801,0
183,274,42.33,606.40,67.61,633.51,0.7381,0
183,276,146.71,565.81,178.55,596.23,0.8313,0
183,305,455.99,338.49,480.07,366.94,0.7532,0
183,309,412.58,305.06,436.60,336.38,0.7700,0
183,313,511.54,282.78,536.17,303.20,0.6837,0
183,277,112.00,577.61,138.09,607.33,0.5803,0
183,322,139.55,178.17,175.15,224.05,0.8407,2
183,323,96.05,163.43,129.22,207.54,0.8617,2
183,325,177.14,147.69,206.83,182.50,0.7737,0
183,332,173.44,106.58,209.85,136.98,0.7899,0
183,321,368.94,1093.51,427.27,1138.59,0.7628,1
183,337,439.65,51.03,464.85,86.73,0.8354,2
183,338,414.13,45.26,436.86,73.76,0.7179,0
183,339,502.37,25.56,528.09,57.28,0.7166,0
183,327,75.44,151.23,100.35,185.39,0.7860,0
183,297,100.95,441.91,133.93,478.75,0.7669,2
183,260,317.19,764.65,362.86,802.02,0.6851,0
183,247,470.68,864.45,505.78,906.40,0.6475,2
183,347,485.11,12.69,508.65,42.31,0.6425,0
183,348,426.88,4.59,449.70,31.07,0.5194,0
184,215,351.23,1203.81,399.38,1253.88,0.7390,2
184,221,336.19,1163.94,383.94,1202.87,0.7779,0
184,235,167.99,1066.12,196.34,1090.36,0.7505,0
184,248,389.83,889.27,428.86,937.05,0.5289,2
184,251,367.92,839.49,412.04,880.29,0.8038,2
184,256,334.11,819.40,368.67,848.33,0.6875,0
184,274,41.68,617.02,66.66,644.90,0.7236,0
184,276,146.55,577.70,178.97,608.12,0.8264,0
184,309,412.66,315.87,437.28,347.10,0.7576,0
184,313,512.66,293.21,537.34,313.82,0.7098,0
184,277,112.29,586.37,138.99,618.81,0.6830,0
184,322,139.53,187.60,174.75,233.12,0.8360,2
184,323,96.30,172.56,128.82,216.76,0.7941,2
184,325,177.36,156.60,206.89,192.05,0.6939,0
184,332,172.56,115.59,209.68,147.21,0.7524,0
184,321,368.26,1107.22,426.03,1152.63,0.7630,1
184,337,439.94,61.94,464.71,96.28,0.7971,2
184,338,413.89,54.72,438.24,83.35,0.7755,0
184,339,502.28,34.14,528.86,66.63,0.6478,0
184,327,74.91,160.56,99.83,194.67,0.7806,0
184,297,100.38,452.50,133.55,489.36,0.7515,2
184,260,317.40,776.82,362.78,814.76,0.6805,0
184,247,470.90,879.11,506.08,918.15,0.5863,2
184,347,486.23,22.76,509.02,50.72,0.5489,0
184,294,35.26,1015.29,64.20,1051.39,0.6473,0
184,342,460.38,25.90,484.11,65.30,0.6660,1
184,293,33.18,598.97,56.14,618.80,0.5506,0
185,215,350.35,1216.39,398.80,1268.51,0.7575,2
185,221,336.27,1177.46,383.47,1216.34,0.8068,0
185,235,168.95,1079.23,195.87,1103.81,0.7431,0
185,248,389.47,897.31,428.29,950.19,0.5189,2
185,251,368.41,850.84,411.34,893.05,0.7630,2
185,256,334.21,832.64,368.03,860.38,0.6439,0
185,274,40.38,626.83,65.90,654.95,0.7301,0
185,276,146.32,588.82,178.86,619.00,0.8425,0
185,309,412.97,326.41,436.87,357.09,0.6197,0
185,313,513.03,304.17,537.94,324.12,0.6620,0
185,277,111.44,592.00,139.22,629.06,0.6963,0
185,322,139.46,196.88,174.55,242.95,0.8205,2
185,323,95.82,181.69,128.77,226.43,0.8410,2
185,325,176.21,164.46,206.57,201.63,0.7793,0
185,332,171.83,125.50,209.68,157.01,0.7329,0
185,321,368.95,1120.66,423.60,1166.93,0.7810,1
185,337,439.83,72.10,464.38,105.00,0.8021,2
185,338,414.06,63.78,438.28,92.63,0.7804,0
185,339,502.36,42.28,529.08,75.28,0.7159,0
185,327,75.06,169.50,99.00,203.33,0.7812,0
185,260,317.60,788.37,362.64,827.36,0.6630,0
185,247,473.86,891.98,506.11,930.09,0.5680,2
185,349,377.34,4.24,396.80,27.67,0.7279,0
185,294,34.84,1028.77,64.38,1064.41,0.7636,0
185,342,460.99,37.20,483.59,74.52,0.5148,2
185,310,0.45,1074.57,15.09,1097.55,0.5099,0
185,305,456.24,358.44,480.44,387.43,0.5849,0
186,215,350.25,1228.87,396.73,1280.00,0.7946,2
186,221,336.08,1190.92,383.98,1229.85,0.8278,0
186,235,168.75,1092.64,195.80,1116.47,0.7933,0
186,248,390.50,910.67,428.59,962.64,0.6488,2
186,251,368.48,860.41,412.12,905.26,0.6149,2
186,256,333.90,844.74,368.30,873.45,0.6605,0
186,274,39.36,637.76,66.36,665.76,0.7861,0
186,276,145.98,600.00,178.55,629.64,0.8371,0
186,309,413.70,336.86,437.16,367.40,0.6901,0
186,313,513.51,314.06,537.57,333.80,0.6056,0
186,277,111.44,606.59,137.95,639.47,0.6191,0
186,322,139.58,206.78,174.35,252.96,0.8554,2
186,323,95.62,191.17,128.16,236.13,0.8544,2
186,325,176.28,174.29,206.60,211.57,0.7564,0
186,332,174.56,135.61,209.28,165.31,0.7497,0
186,321,369.49,1134.02,425.28,1179.98,0.7808,1
186,337,440.41,80.49,465.14,113.60,0.8228,2
186,338,414.79,72.99,438.46,102.41,0.7477,0
186,339,503.10,51.78,528.96,84.46,0.8090,0
186,327,74.62,178.16,99.54,213.53,0.7695,0
186,260,318.28,800.89,362.88,841.77,0.6893,0
186,247,476.95,904.60,506.34,941.39,0.5954,2
186,349,377.84,14.43,395.56,37.64,0.7085,0
186,294,35.01,1044.12,61.42,1076.90,0.5662,0
186,351,8.39,1105.21,29.67,1128.30,0.5354,0
186,310,0.04,1087.59,14.92,1110.87,0.5742,0
186,305,456.86,369.07,480.61,397.60,0.7365,0
186,297,99.75,473.81,132.51,509.42,0.5100,2
187,215,350.79,1242.36,398.31,1280.00,0.7837,2
187,221,335.85,1204.64,383.86,1243.82,0.8149,0
187,235,168.42,1105.43,195.71,1129.15,0.7768,0
187,251,368.90,869.71,413.00,918.26,0.7717,2
187,274,38.71,648.28,66.45,676.58,0.7674,0
187,276,145.51,610.94,177.96,640.09,0.8275,0
187,309,413.91,347.51,437.42,377.76,0.7187,0
187,313,514.68,323.48,537.89,343.32,0.5262,0
187,277,112.17,617.68,137.24,650.66,0.5263,0
187,322,139.52,217.44,174.37,263.14,0.7601,2
187,323,95.43,201.37,128.09,246.03,0.8578,2
187,325,176.15,184.71,207.19,221.25,0.7681,0
187,332,171.11,145.79,209.38,174.96,0.7705,0
187,321,369.70,1146.84,425.64,1192.53,0.7905,1
187,337,440.60,89.29,465.40,123.06,0.8345,2
187,338,415.14,81.81,438.61,111.04,0.7660,0
187,339,503.36,61.48,529.34,93.48,0.7846,0
187,327,74.97,187.96,99.07,223.21,0.8336,0
187,349,378.25,24.81,395.11,46.94,0.6086,0
187,351,8.48,1120.36,29.38,1142.52,0.6758,0
187,305,457.02,379.07,480.72,407.83,0.6002,0
187,297,99.72,484.80,132.38,519.42,0.6475,2
188,215,347.85,1254.11,399.43,1280.00,0.5128,2
188,221,335.79,1217.29,384.99,1257.23,0.8284,0
188,235,168.29,1119.24,195.47,1142.54,0.7697,0
188,251,368.78,882.22,412.55,930.16,0.7047,2
188,274,38.61,659.21,66.04,687.73,0.7289,0
188,276,145.67,621.31,177.61,651.01,0.8229,0
188,309,414.07,357.15,438.11,387.85,0.7549,0
188,313,515.29,334.25,538.38,354.24,0.6752,0
188,277,111.27,632.23,135.30,661.60,0.6908,0
188,322,139.46,227.81,174.00,272.26,0.7684,2
188,323,95.49,211.75,127.82,255.15,0.8519,2
188,325,176.06,195.99,206.92,230.38,0.7370,0
188,332,172.66,154.58,209.58,185.12,0.8220,0
188,321,370.00,1161.47,427.96,1206.72,0.7533,1
188,337,440.61,99.24,465.61,132.48,0.8542,2
188,338,415.17,90.91,438.94,120.77,0.7842,0
188,339,503.59,71.39,530.13,102.84,0.7917,0
188,327,74.90,197.98,98.96,232.46,0.8075,0
188,349,378.31,34.13,396.08,56.38,0.6066,0
188,351,8.57,1133.94,28.41,1156.77,0.5952,0
188,305,457.66,389.88,480.38,418.16,0.6139,0
188,297,99.28,495.66,132.22,530.13,0.5618,2
188,348,427.80,49.75,453.15,76.02,0.5517,0
188,248,391.05,938.51,429.30,987.92,0.5004,2
188,294,33.82,1070.67,59.84,1101.04,0.5858,0
189,221,335.86,1230.87,384.58,1270.94,0.8128,0
189,235,168.43,1132.32,195.63,1155.30,0.7761,0
189,251,367.98,893.49,412.17,942.63,0.8109,2
189,274,38.52,671.33,64.90,699.19,0.7560,0
189,276,146.26,632.47,176.71,661.84,0.8134,0
189,309,414.23,367.73,437.44,398.36,0.7279,0
189,313,514.84,344.22,538.83,364.91,0.6704,0
189,277,111.38,644.93,133.79,672.15,0.7106,0
189,322,139.49,237.08,173.90,281.71,0.8760,2
189,323,95.13,221.91,127.49,265.10,0.8314,2
189,325,176.38,206.08,206.83,239.61,0.7049,0
189,332,173.67,164.15,209.26,194.60,0.7484,0
189,321,370.72,1176.17,426.08,1219.39,0.6923,1
189,337,440.19,108.78,465.46,142.05,0.8256,2
189,338,415.13,100.63,439.14,129.90,0.7368,0
189,339,503.66,80.06,530.27,111.96,0.7622,0
189,327,74.56,207.53,98.87,241.61,0.7982,0
189,349,378.35,43.06,395.87,65.71,0.5870,0
189,305,457.75,400.16,481.36,428.34,0.5655,0
189,354,158.11,1103.00,175.85,1123.14,0.5077,0
189,294,33.53,1081.43,59.77,1114.43,0.6800,0
189,298,53.23,583.95,70.45,603.81,0.5100,0
189,342,461.86,76.02,484.32,112.51,0.6619,1
190,221,335.30,1243.88,384.47,1280.00,0.7562,0
190,235,167.95,1145.77,195.39,1169.39,0.6143,0
190,251,367.96,906.35,412.93,955.35,0.7869,2
190,274,38.09,682.66,64.10,710.20,0.7379,0
190,276,146.24,643.53,176.59,673.78,0.8154,0
190,309,414.68,378.53,437.67,408.66,0.7017,0
190,313,515.08,355.50,539.30,375.25,0.5760,0
190,277,109.48,649.21,134.09,683.24,0.5376,0
190,322,139.12,246.03,173.57,291.55,0.7628,2
190,323,94.92,230.57,126.98,274.88,0.8484,2
190,325,174.90,215.05,206.94,249.84,0.7804,0
190,332,172.87,173.90,209.56,203.32,0.7728,0
190,321,370.69,1189.41,424.20,1232.82,0.7719,1
190,337,440.72,118.13,466.53,151.11,0.8430,2
190,338,415.13,110.17,439.50,139.38,0.7858,0
190,339,504.45,90.04,530.32,121.56,0.7713,0
190,327,74.31,217.02,98.78,251.81,0.8216,0
190,349,378.22,53.05,395.33,74.94,0.5590,0
190,305,458.04,410.11,481.85,438.71,0.6093,0
190,294,32.60,1093.42,59.37,1126.31,0.6098,0
190,355,394.44,271.41,411.59,291.52,0.5325,0
190,342,461.06,86.31,484.50,121.84,0.5787,1
190,297,98.49,516.72,131.94,552.98,0.5420,2
190,348,428.12,69.28,452.94,94.85,0.5910,0
191,221,335.63,1257.08,384.11,1280.00,0.7244,0
191,235,166.39,1159.39,195.13,1183.08,0.6043,0
191,251,367.88,919.25,412.75,967.85,0.7681,2
191,274,37.06,691.42,64.18,721.12,0.7242,0
191,276,145.94,654.96,176.71,684.88,0.8283,0
191,309,414.17,389.30,437.57,418.76,0.7194,0
191,313,515.38,365.75,539.68,385.78,0.6414,0
191,322,138.55,256.53,173.32,302.31,0.7708,2
191,323,94.60,240.72,127.42,284.75,0.8619,2
191,325,175.65,223.67,206.46,259.13,0.7730,0
191,332,173.24,184.78,209.47,213.16,0.7726,0
191,321,370.01,1201.21,424.99,1246.04,0.6593,1
191,337,440.88,127.65,466.31,161.04,0.8333,2
191,338,415.27,119.94,439.87,148.67,0.7228,0
191,339,504.57,100.15,530.96,131.28,0.7677,0
191,327,73.99,227.50,99.29,261.98,0.8137,0
191,349,378.38,62.89,395.57,84.07,0.5988,0
191,305,457.74,420.03,481.71,449.40,0.7171,0
191,357,356.16,1.93,382.11,27.61,0.6044,0
191,348,428.16,78.76,452.41,104.89,0.5634,0
192,235,165.33,1172.16,194.87,1197.32,0.5489,0
192,251,367.39,932.36,412.68,980.75,0.7800,2
192,274,36.84,703.18,63.21,731.91,0.7740,0
192,276,145.81,666.40,176.90,696.64,0.8387,0
192,309,414.34,400.21,438.17,429.67,0.7671,0
192,313,515.78,375.76,540.25,395.44,0.6416,0
192,322,138.36,266.49,173.34,312.47,0.8451,2
192,323,93.90,250.41,126.81,294.09,0.8164,2
192,325,175.56,233.63,206.35,268.93,0.7755,0
192,332,173.32,194.62,208.72,223.83,0.7670,0
192,321,370.75,1215.35,425.14,1260.44,0.7419,1
192,337,440.73,137.79,466.39,170.97,0.8440,2
192,338,415.24,130.32,439.80,158.24,0.7877,0
192,339,503.91,108.55,531.94,140.37,0.7394,0
192,327,73.70,236.29,98.65,270.69,0.8449,0
192,349,378.26,71.52,396.31,93.15,0.6276,0
192,305,457.59,430.57,482.30,460.05,0.7390,0
192,354,157.38,1140.80,175.05,1162.56,0.5963,0
192,277,110.13,675.00,134.33,706.58,0.6073,0
192,294,31.17,1120.88,58.64,1152.52,0.6325,0
192,342,461.25,102.61,484.70,140.02,0.6879,1
